"id","submitdate","lastpage","startlanguage","seed","startdate","datestamp","ipaddr","refurl","att","SUCCESS","pause1","Kc[KnAG]","HrKnAGAgr","HrKnAGAgr[other]","HrKnAGDis","HrKnAGDis[other]","HrKnAGHes","HrKnAGHes[other]","HrKnAGAgrOt","HrKnAGDisOt","HrKnAGHesOt","IntChair","M3","M4","PROLIFIC","interviewtime","groupTime48306","attTime","groupTime48305","SUCCESSTime","pause1Time","groupTime48309","KcTime","groupTime48308","HrKnAGAgrTime","HrKnAGDisTime","HrKnAGHesTime","HrKnAGAgrOtTime","HrKnAGDisOtTime","HrKnAGHesOtTime","groupTime48310","IntChairTime","groupTime48307","M3Time","M4Time","PROLIFICTime"
"6","2025-05-07 22:10:33","6","en","1249110422","2025-05-07 22:09:08","2025-05-07 22:10:33","172.56.96.84","https://app.prolific.com/","A5","","","A7","AGB","","","","","","","","","A1","2","0","664aa55ce849bcd782008c64","86.46","22.53","","7.13","","","24.98","","15.67","","","","","","","7.57","","8.58","","",""
"7","2025-05-07 22:17:11","6","en","1647817395","2025-05-07 22:09:35","2025-05-07 22:17:11","89.37.119.166","","A5","","","A1","","","-oth-","","","","","The CEO's explicit disregard for the environment and focus solely on profit suggests that he knowingly accepted the environmental harm as a consequence of his decision.","","A1","6","1","680d8b072f273065b2723fda","494.11","68.83","","242.05","","","72.08","","79.66","","","","","","","11.05","","20.44","","",""
"8","2025-05-07 22:16:44","6","en","1668650022","2025-05-07 22:10:54","2025-05-07 22:16:44","89.37.119.131","","A5","","","A7","AGB","","","","","","","","","A1","4","1","65962d768923ce48b037bd8a","352.68","102.42","","10.86","","","45.37","","107.45","","","","","","","41.55","","45.03","","",""
"9","2025-05-07 22:13:09","6","en","739459258","2025-05-07 22:11:00","2025-05-07 22:13:08","78.24.126.116","","A5","","","A7","AGA","","","","","","","","","A1","6","0","67dfb5799ff05c298d95ee55","131","38.41","","6.5","","","32.11","","25.5","","","","","","","11.49","","16.99","","",""
"10","2025-05-07 22:13:05","6","en","1041465364","2025-05-07 22:11:23","2025-05-07 22:13:05","86.129.250.194","","A5","","","A7","AGA","","","","","","","","","A1","5","0","6009c8b032ba910988731c72","105","33.87","","7.87","","","27.04","","13.51","","","","","","","7.26","","15.45","","",""
"11","2025-05-07 22:15:18","6","en","734749135","2025-05-07 22:13:16","2025-05-07 22:15:18","90.210.252.161","","A5","","","A7","AGA","","","","","","","","","A1","5","0","591c76c53ae7870001cb0c60","122.74","40.17","","6.19","","","18.97","","22.29","","","","","","","9.77","","25.35","","",""
"12","2025-05-07 22:17:19","6","en","1088874988","2025-05-07 22:14:39","2025-05-07 22:17:19","5.69.52.33","","A5","","","A7","AGA","","","","","","","","","A1","4","0","566feba6b937e400052d33b2","162.21","56.11","","11.95","","","30.52","","28.59","","","","","","","12.72","","22.32","","",""
"13","2025-05-07 22:17:46","6","en","1755187271","2025-05-07 22:15:47","2025-05-07 22:17:46","72.83.28.111","","A5","","","A7","AGB","","","","","","","","","A1","4","0","662408018ad9187d4b3061fb","120.91","46.62","","4.53","","","17.07","","33.6","","","","","","","7.96","","11.13","","",""
"14","2025-05-07 22:18:09","6","en","1456719754","2025-05-07 22:16:50","2025-05-07 22:18:09","72.180.82.170","","A5","","","A7","AGA","","","","","","","","","A1","4","1","60fadf64707bc7dcf61f9e54","81.89","29.76","","4.46","","","14.71","","9.08","","","","","","","5.83","","18.05","","",""
"15","2025-05-07 22:20:07","6","en","780534501","2025-05-07 22:17:45","2025-05-07 22:20:07","67.103.190.214","","A5","","","A2","","","-oth-","","","","","None of the above options (The CEO was not aware..., The CEO had no reasons to believe..., The CEO did not believe...) seem to fit, because the CEO was explicitly told that the new program would harm the environment, and he chose to proceed anyway.

The correct explanation is that none of the provided options apply, because the CEO was clearly informed about the potential harm and didn't care about it. He knowingly chose to prioritize profits over environmental concerns. So, the best answer would be ""Other"" with the explanation that the CEO was aware of the potential harm and intentionally disregarded it.","","A1","5","1","67ea1b486fa9c8eb97c1c4ea","145.22","38.48","","6.65","","","15.96","","48.64","","","","","","","18.68","","16.81","","",""
"16","2025-05-07 22:27:29","6","en","1348101769","2025-05-07 22:24:56","2025-05-07 22:27:29","92.113.40.130","","A5","","","A7","AGA","","","","","","","","","A1","5","0","67ee88751069d7f2352f11b2","212.57","119.84","","7.38","","","33.97","","27.27","","","","","","","6.91","","17.2","","",""
"17","2025-05-07 22:29:24","6","en","376702519","2025-05-07 22:26:14","2025-05-07 22:29:24","69.36.216.125","","A5","","","A7","AGA","","","","","","","","","A1","5","0","6718343c82dda1264ded40d6","190.66","44.02","","7.21","","","60.46","","51","","","","","","","8.94","","19.03","","",""
"18","2025-05-07 22:29:47","6","en","1936868812","2025-05-07 22:27:58","2025-05-07 22:29:47","45.45.153.237","","A5","","","A6","AGA","","","","","","","","","A1","4","1","67e7e2535e2bf374651ee45d","112.23","48.69","","3.19","","","8.35","","32.91","","","","","","","5.17","","13.92","","",""
"19","2025-05-07 22:31:09","6","en","538497173","2025-05-07 22:28:00","2025-05-07 22:31:09","90.196.24.238","","A5","","","A7","AGR","","","","","","","","","A2","3","0","6575c7da000442e5a54f5e24","192.44","40.74","","4.52","","","15.44","","25.32","","","","","","","8.7","","97.72","","",""
"20","2025-05-07 22:32:48","6","en","1758751304","2025-05-07 22:28:02","2025-05-07 22:32:48","38.248.89.134","","A5","","","A6","AGR","","","","","","","","","A2","4","0","670e735764f379104d34dac2","287.45","117.01","","12.64","","","33.98","","20.09","","","","","","","68.36","","35.37","","",""
"21","2025-05-07 22:30:41","6","en","1496575527","2025-05-07 22:28:08","2025-05-07 22:30:41","122.8.123.96","","A5","","","A7","AGR","","","","","","","","","A2","5","1","67f30f964964cf3f7cb3d4ad","154.59","62.66","","5.93","","","9.74","","42.76","","","","","","","11.34","","22.16","","",""
"22","2025-05-07 22:31:36","6","en","32313331","2025-05-07 22:29:15","2025-05-07 22:31:36","51.9.98.167","","A5","","","A7","AGB","","","","","","","","","A1","2","0","5b1966a168a5ed0001735813","143.99","36.17","","18.89","","","30.45","","35.42","","","","","","","5.39","","17.67","","",""
"23","2025-05-07 22:32:20","6","en","980180719","2025-05-07 22:29:32","2025-05-07 22:32:20","90.198.91.239","","A5","","","A7","AGA","","","","","","","","","A1","5","0","67878e264046b71df4ad64af","170.47","26.39","","4.92","","","19.32","","14.44","","","","","","","12.46","","92.94","","",""
"24","2025-05-07 22:37:46","6","en","2110822853","2025-05-07 22:32:36","2025-05-07 22:37:46","107.199.105.127","","A5","","","A6","AGR","","","","","","","","","A1","5","1","6760181f0962fe723f45050d","313.13","101.24","","9.86","","","127.96","","20.71","","","","","","","19.84","","33.52","","",""
"25","2025-05-07 22:44:06","6","en","441979011","2025-05-07 22:39:06","2025-05-07 22:44:06","45.139.69.45","","A5","","","A6","AGA","","","","","","","","","A1","4","0","66855c23cb44f1ee38f216fb","457.73","184.29","","10.38","","","130.82","","56.83","","","","","","","47.05","","28.36","","",""
"26","2025-05-07 22:43:05","6","en","146631728","2025-05-07 22:39:09","2025-05-07 22:43:05","172.59.226.178","","A5","","","A7","AGA","","","","","","","","","A1","4","1","66fd8c344684de2f546c4ac7","238.85","95.99","","4.42","","","89.7","","22.88","","","","","","","10.61","","15.25","","",""
"27","2025-05-07 22:41:13","6","en","1280610226","2025-05-07 22:39:15","2025-05-07 22:41:13","81.106.48.147","","A5","","","A6","AGA","","","","","","","","","A1","4","0","5e80b109ca1800791e1ca40c","120.84","58.36","","3.93","","","19.53","","15.93","","","","","","","9.23","","13.86","","",""
"28","2025-05-07 22:42:53","6","en","1022404153","2025-05-07 22:39:56","2025-05-07 22:42:53","173.75.4.78","https://app.prolific.com/","A5","","","A7","AGB","","","","","","","","","A1","3","0","5c663cd56fdc87000162e255","179.03","49.51","","3.03","","","16.58","","88.34","","","","","","","8.93","","12.64","","",""
"29","2025-05-07 22:45:47","6","en","1891776927","2025-05-07 22:43:29","2025-05-07 22:45:47","195.112.5.97","","A5","","","A7","AGB","","","","","","","","","A1","5","0","667b24c6c25f7a12d08d9ab6","140.47","81.96","","3.51","","","19.82","","17.53","","","","","","","5.86","","11.79","","",""
"30","2025-05-07 22:46:36","6","en","1022930040","2025-05-07 22:43:42","2025-05-07 22:46:36","172.59.211.251","","A5","","","A7","AGA","","","","","","","","","A1","6","0","67dff7baa47b22e23bc1a411","174.97","47.68","","8.96","","","54.85","","20.07","","","","","","","7.91","","35.5","","",""
"31","2025-05-07 22:48:12","6","en","1084011787","2025-05-07 22:45:09","2025-05-07 22:48:12","66.116.36.148","","A5","","","A7","AGR","","","","","","","","","A1","3","1","581e0aee4182b600017307ea","186.29","48.45","","6.87","","","46.1","","60.58","","","","","","","10.73","","13.56","","",""
"32","2025-05-07 22:48:42","6","en","503812272","2025-05-07 22:45:12","2025-05-07 22:48:42","86.131.217.223","","A5","","","A7","AGA","","","","","","","","","A1","6","0","5d2476c58352f000153bbcd6","213.1","67.05","","7.59","","","45.68","","57.56","","","","","","","20.49","","14.73","","",""
"33","2025-05-07 22:51:07","6","en","1295857030","2025-05-07 22:45:50","2025-05-07 22:51:07","99.27.106.72","","A5","","","A7","AGB","","","","","","","","","A1","4","0","613e157ccd6af6049001ce25","319.99","127.84","","6.95","","","38.29","","39.22","","","","","","","28.07","","79.62","","",""
"34","2025-05-07 22:49:11","6","en","165724192","2025-05-07 22:45:51","2025-05-07 22:49:11","89.23.87.135","","A5","","","A7","AGA","","","","","","","","","A1","2","0","67d187f13384c3052612cca3","203.58","68.79","","7.63","","","37.2","","39.84","","","","","","","15.38","","34.74","","",""
"35","2025-05-07 22:48:52","6","en","723295462","2025-05-07 22:46:42","2025-05-07 22:48:52","89.46.183.56","","A5","","","A7","AGB","","","","","","","","","A1","4","1","67e6eddcf224e6f2c2da7497","132.11","34.32","","5.32","","","22.12","","28.45","","","","","","","23.25","","18.65","","",""
"36","2025-05-07 22:51:15","6","en","1504976192","2025-05-07 22:49:40","2025-05-07 22:51:15","100.4.199.237","","A5","","","A6","AGA","","","","","","","","","A1","3","0","612cd21ab53f52338b7b4f19","96.3","31.45","","6.09","","","24.41","","13.23","","","","","","","13.01","","8.11","","",""
"37","2025-05-07 22:57:59","6","en","909008836","2025-05-07 22:56:14","2025-05-07 22:57:59","92.239.67.90","","A5","","","A7","AGA","","","","","","","","","A1","4","0","6644b547f9a676efee452494","108.01","32","","3.99","","","22.6","","24.93","","","","","","","8.66","","15.83","","",""
"38","2025-05-07 23:03:01","6","en","1175646781","2025-05-07 22:57:02","2025-05-07 23:03:01","84.55.20.167","https://app.prolific.com/","A5","","","A7","AGR","","","","","","","","","A2","4","1","67f538f6f6dca9d591fa8a34","361.59","7.8","","3.37","","","15.7","","171.87","","","","","","","19.89","","142.96","","",""
"39","2025-05-07 22:58:53","6","en","752473186","2025-05-07 22:57:20","2025-05-07 22:58:53","68.204.132.241","","A5","","","A7","AGA","","","","","","","","","A1","5","0","66eb1a41306925cf993d6490","95.19","36.51","","5.56","","","23.27","","14.3","","","","","","","4.33","","11.22","","",""
"40","2025-05-07 22:59:36","6","en","532541104","2025-05-07 22:57:21","2025-05-07 22:59:36","75.195.81.135","","A5","","","A7","AGA","","","","","","","","","A1","4","1","675fbd3a66d04069a7d39f33","136.7","52.56","","4.47","","","26.13","","23.5","","","","","","","8.74","","21.3","","",""
"41","2025-05-07 23:00:03","6","en","1608530568","2025-05-07 22:58:08","2025-05-07 23:00:03","47.220.14.151","","A5","","","A7","AGA","","","","","","","","","A1","5","0","678da017eecfeb40cd30b706","117.12","35.91","","7.77","","","24.35","","22.92","","","","","","","6.21","","19.96","","",""
"42","2025-05-07 23:00:43","6","en","743726810","2025-05-07 22:58:49","2025-05-07 23:00:43","71.196.180.164","","A5","","","A7","-oth-","","","","","","The other guy told him he would","","","A1","5","0","63fa812428f289c772131458","115.77","27.25","","5.72","","","18.15","","41.58","","","","","","","12.95","","10.12","","",""
"43","2025-05-07 23:01:11","6","en","1647081982","2025-05-07 22:59:11","2025-05-07 23:01:11","68.82.207.40","","A5","","","A7","AGA","","","","","","","","","A1","4","1","666b27991bb7b1ccff2286e3","122.14","52.71","","7.23","","","22.76","","14.92","","","","","","","5.99","","18.53","","",""
"44","2025-05-07 23:02:33","6","en","824760394","2025-05-07 23:00:27","2025-05-07 23:02:33","223.29.143.169","","A5","","","A5","AGA","","","","","","","","","A1","4","0","67c44dd612fd47cf995211d8","126.38","37.17","","3.65","","","7.49","","44.56","","","","","","","16.37","","17.14","","",""
"45","2025-05-07 23:14:06","6","en","591681661","2025-05-07 23:07:02","2025-05-07 23:14:06","91.190.188.38","","A5","","","A7","AGR","","","","","","","","","A1","4","1","67f128cbba790167d00275fc","427.46","82.77","","6.89","","","62.18","","158.08","","","","","","","89.84","","27.7","","",""
"46","2025-05-07 23:09:22","6","en","358400207","2025-05-07 23:08:10","2025-05-07 23:09:22","107.4.78.143","https://app.prolific.com/","A5","","","A7","AGA","","","","","","","","","A2","2","0","62fe6312269d0e4ae894297b","72.46","19.27","","4.12","","","16.89","","17.51","","","","","","","4.64","","10.03","","",""
"47","2025-05-07 23:10:32","6","en","548362327","2025-05-07 23:08:21","2025-05-07 23:10:32","80.45.202.166","","A5","","","A7","AGA","","","","","","","","","A1","4","0","677b8e386966144d94556597","133.55","45.21","","6.63","","","18.58","","42.58","","","","","","","8.41","","12.14","","",""
"48","2025-05-07 23:11:15","6","en","1560627249","2025-05-07 23:09:18","2025-05-07 23:11:15","73.5.87.75","","A1","if(att != 'A5', 1,0)","","A5","AGA","","","","","","","","","A2","4","1","5ebe14249a676b1650b48531","119.9","73.16","","2.7","","","23.17","","6.49","","","","","","","4.7","","9.68","","",""
"49","2025-05-07 23:11:53","6","en","639984123","2025-05-07 23:09:18","2025-05-07 23:11:53","172.56.209.33","","A5","","","A7","AGA","","","","","","","","","A1","3","0","5c5f2e98c3b3a30001fbf085","157.85","66.88","","6.17","","","26.45","","42.33","","","","","","","5.22","","10.8","","",""
"50","2025-05-07 23:10:48","6","en","1941817197","2025-05-07 23:09:27","2025-05-07 23:10:48","24.237.101.191","","A5","","","A7","AGB","","","","","","","","","A1","3","1","5c583b9174c0310001d00347","81.88","36.22","","3.97","","","13.97","","14.19","","","","","","","5.08","","8.45","","",""
"52","2025-05-07 23:11:22","6","en","1340760925","2025-05-07 23:10:09","2025-05-07 23:11:22","73.238.76.85","","A5","","","A7","AGA","","","","","","","","","A1","4","0","6439db560a5e06fd3451c47c","75.02","26.14","","4.03","","","16.64","","14.34","","","","","","","5.03","","8.84","","",""
"53","2025-05-07 23:12:18","6","en","545494730","2025-05-07 23:10:20","2025-05-07 23:12:18","172.83.4.94","","A5","","","A7","AGR","","","","","","","","","A1","4","1","6660ab8eeaa4f5e8a6a4d223","120.12","46.94","","4.22","","","15.54","","30.7","","","","","","","11.22","","11.5","","",""
"54","2025-05-07 23:13:06","6","en","1798135560","2025-05-07 23:10:46","2025-05-07 23:13:06","216.9.239.6","","A5","","","A7","AGA","","","","","","","","","A1","3","0","674780197d2f877d208e64bf","142.81","46.86","","8.04","","","18.33","","29.25","","","","","","","13.83","","26.5","","",""
"55","2025-05-07 23:12:30","6","en","1082094352","2025-05-07 23:10:57","2025-05-07 23:12:30","76.152.253.191","","A5","","","A6","AGA","","","","","","","","","A2","4","1","559c3e07fdf99b32b55f2d8d","96.05","26.84","","5.33","","","20.11","","20.74","","","","","","","11.59","","11.44","","",""
"56","2025-05-13 16:52:48","6","en","770838062","2025-05-13 16:50:32","2025-05-13 16:52:48","100.14.9.120","","A5","","","A7","AGA","","","","","","","","","A1","2","0","656e869db80bfe735d12412f","138.63","70.58","","5.74","","","22.91","","10.55","","","","","","","13.83","","15.02","","",""
"57","2025-05-13 16:53:40","6","en","616900586","2025-05-13 16:50:41","2025-05-13 16:53:40","194.50.147.143","","A5","","","A7","AGA","","","","","","","","","A1","3","1","67e581649015152b23684ecb","179.77","43.21","","8.81","","","34.34","","58.09","","","","","","","10","","25.32","","",""
"58","2025-05-13 16:53:21","6","en","1234578884","2025-05-13 16:50:46","2025-05-13 16:53:21","174.213.240.15","","A5","","","A7","AGA","","","","","","","","","A1","3","0","616cf9ae07c1c6bd05d95beb","158.58","99.9","","5.56","","","18.66","","16.44","","","","","","","5.72","","12.3","","",""
"59","2025-05-13 16:53:17","6","en","1281291570","2025-05-13 16:51:37","2025-05-13 16:53:17","71.58.169.227","","A5","","","A7","AGA","","","","","","","","","A1","3","0","67c0b00f366cea0441141661","102.75","24.68","","4.64","","","21.48","","18.21","","","","","","","7.06","","26.68","","",""
"60","2025-05-13 16:54:56","6","en","1167182499","2025-05-13 16:52:39","2025-05-13 16:54:56","90.218.5.138","","A5","","","A7","AGR","","","","","","","","","A1","2","0","58c1c33427e23a0001b4ea0b","139.96","46.86","","9.29","","","35.8","","27.52","","","","","","","7.85","","12.64","","",""
"61","2025-05-13 16:55:48","6","en","1432155429","2025-05-13 16:52:47","2025-05-13 16:55:48","5.151.135.92","","A5","","","A7","AGB","","","","","","","","","A1","4","0","674a3732647cd3f356c19795","183.09","79.97","","9.36","","","19.14","","22.3","","","","","","","27.57","","24.75","","",""
"62","2025-05-13 16:56:19","6","en","1884068946","2025-05-13 16:54:59","2025-05-13 16:56:19","82.16.152.145","","A5","","","A7","AGB","","","","","","","","","A1","4","0","6161c4cc2d4f503e8265038e","83.28","24.55","","3.49","","","12.93","","21.92","","","","","","","6.69","","13.7","","",""
"63","2025-05-13 16:59:22","6","en","1253471924","2025-05-13 16:55:27","2025-05-13 16:59:22","73.52.7.68","https://app.prolific.com/","A5","","","A7","AGB","","","","","","","","","A1","4","0","63b9d3abc3ddc61c8c08fd84","238.61","56.41","","109.44","","","30.37","","19.74","","","","","","","7.67","","14.98","","",""
"64","2025-05-13 16:59:20","6","en","948551865","2025-05-13 16:55:52","2025-05-13 16:59:20","216.120.189.235","","A5","","","A7","AGB","","","","","","","","","A1","6","1","66ec8f7ce843d25227820f97","211.13","71.52","","13.24","","","47.47","","35.34","","","","","","","15.61","","27.95","","",""
"65","2025-05-13 17:00:12","6","en","1250368293","2025-05-13 16:58:11","2025-05-13 17:00:12","47.33.2.93","","A5","","","A7","AGB","","","","","","","","","A1","3","0","67508fdb923229a00abf2aa7","122.93","45.41","","7.55","","","28.4","","18.54","","","","","","","7.67","","15.36","","",""
"66","2025-05-13 17:00:04","6","en","1621452368","2025-05-13 16:58:16","2025-05-13 17:00:04","166.199.7.41","","A5","","","A4","","","","","-oth-","","","","He didn't care ","A2","2","0","677038fbdc17021dfb5fc6b9","110.99","22.58","","5.02","","","5.44","","32.91","","","","","","","35.34","","9.7","","",""
"67","2025-05-13 17:04:22","6","en","940072117","2025-05-13 16:58:33","2025-05-13 17:04:22","87.115.95.217","","A5","","","A7","AGB","","","","","","","","","A1","3","0","66cfab152c56aa0472529001","351.09","88.99","","36.35","","","122.69","","49.03","","","","","","","30.11","","23.92","","",""
"68","2025-05-13 16:59:59","6","en","1325572266","2025-05-13 16:58:38","2025-05-13 16:59:59","81.153.197.3","","A5","","","A7","AGB","","","","","","","","","A1","4","0","67fe46132bd2d418a0d3f1ab","82.8","17.74","","7.75","","","24.78","","14.92","","","","","","","6.53","","11.08","","",""
"69","2025-05-13 17:01:32","6","en","277678208","2025-05-13 16:59:00","2025-05-13 17:01:32","68.0.73.200","","A5","","","A7","AGA","","","","","","","","","A1","2","0","675a35800dc96d8b29feb198","154.07","42.13","","5.69","","","67.9","","11.9","","","","","","","6.08","","20.37","","",""
"70","2025-05-13 17:10:57","6","en","726028950","2025-05-13 17:09:08","2025-05-13 17:10:57","52.144.111.213","","A5","","","A7","AGB","","","","","","","","","A1","4","1","672bee76481ff9ce73293a6b","112.35","38.67","","4.75","","","16.65","","31.98","","","","","","","4.41","","15.89","","",""
"72","2025-05-13 17:14:49","6","en","951911536","2025-05-13 17:13:29","2025-05-13 17:14:49","81.86.170.187","","A5","","","A7","AGR","","","","","","","","","A1","4","0","5f8ea1044999a9000ae5a0e9","83.39","16.66","","3.74","","","19.57","","27.46","","","","","","","6.86","","9.1","","",""
"73","2025-05-13 17:15:48","6","en","1385853788","2025-05-13 17:13:41","2025-05-13 17:15:48","208.118.197.160","","A5","","","A7","-oth-","","","","","","The CEO knew definately that he would harm the environment and was content with the outcome.","","","A1","4","1","65ff67c31641a4be4c903b68","130.08","30.7","","3.57","","","17.41","","58.04","","","","","","","5.75","","14.61","","",""
"74","2025-05-13 17:15:54","6","en","1197813818","2025-05-13 17:14:01","2025-05-13 17:15:54","86.175.173.215","","A5","","","A7","AGB","","","","","","","","","A1","2","0","66cc906a1d6bea34dd2e57b0","116.21","36.39","","5.84","","","28.37","","28.67","","","","","","","5.53","","11.41","","",""
"75","2025-05-13 17:26:14","6","en","721620915","2025-05-13 17:14:10","2025-05-13 17:26:14","168.235.147.254","","A5","","","A7","AGA","","","","","","","","","A1","4","0","67d0a570883ec7f0c342eaff","727.73","543.62","","23.89","","","61.18","","45.81","","","","","","","9.74","","43.49","","",""
"76","2025-05-13 17:16:04","6","en","1144683644","2025-05-13 17:14:18","2025-05-13 17:16:04","209.71.16.126","","A5","","","A7","AGA","","","","","","","","","A1","2","0","639f64e943f91a180d9caef0","109.33","48.51","","3.9","","","16.59","","16.52","","","","","","","9.24","","14.57","","",""
"77","2025-05-13 17:17:20","6","en","373041323","2025-05-13 17:15:07","2025-05-13 17:17:20","2.100.29.227","","A5","","","A7","AGB","","","","","","","","","A1","3","0","5b8733a8dd068d0001be4a5f","135.81","39.66","","32.37","","","23.58","","23.12","","","","","","","7.18","","9.9","","",""
"78","2025-05-13 17:17:50","6","en","945384959","2025-05-13 17:15:29","2025-05-13 17:17:50","51.6.204.207","","A5","","","A7","AGA","","","","","","","","","A1","2","0","5d3c480f2dc7f70001f00c87","143.85","44.46","","7.55","","","37.39","","29.63","","","","","","","8.54","","16.28","","",""
"79","2025-05-13 17:17:06","6","en","1862763146","2025-05-13 17:15:40","2025-05-13 17:17:06","84.68.168.26","","A5","","","A7","AGA","","","","","","","","","A1","3","0","66fd4b51cb041accd82a7740","87.59","26.69","","4.21","","","23.18","","15.31","","","","","","","5.13","","13.07","","",""
"80","2025-05-13 17:21:11","6","en","1819871993","2025-05-13 17:16:16","2025-05-13 17:21:11","73.123.168.141","","A5","","","A7","AGA","","","","","","","","","A1","4","0","63d80b500adef5b476e289a4","298.38","94.89","","3.84","","","80.18","","58.89","","","","","","","44.24","","16.34","","",""
"81","2025-05-13 17:18:58","6","en","1411206973","2025-05-13 17:16:24","2025-05-13 17:18:58","35.134.159.168","","A5","","","A6","AGA","","","","","","","","","A2","5","1","628f83dc5398c04bac86f9e6","157.34","43.51","","3.71","","","43.23","","13.64","","","","","","","30.59","","22.66","","",""
"82","2025-05-13 17:25:41","6","en","471589615","2025-05-13 17:17:18","2025-05-13 17:25:41","72.210.68.200","","A5","","","A7","AGA","","","","","","","","","A1","3","0","5e35e8505aa70059ea6edbcf","505.97","25.67","","6.11","","","12.18","","27.61","","","","","","","269.69","","164.71","","",""
"83","2025-05-13 17:23:04","6","en","1066770840","2025-05-13 17:21:25","2025-05-13 17:23:04","184.92.125.74","","A5","","","A7","AGA","","","","","","","","","A1","5","0","668bf688d58206e61f399a88","101.43","44.78","","4","","","15.37","","16.3","","","","","","","6.75","","14.23","","",""
"84","2025-05-13 17:29:18","6","en","346150491","2025-05-13 17:25:17","2025-05-13 17:29:18","77.47.156.66","","A5","","","A7","AGB","","","","","","","","","A1","3","0","67d468741ef9f4c14f6bb02c","242.62","68.36","","8.49","","","47.14","","53.04","","","","","","","31.48","","34.11","","",""
"85","2025-05-13 17:27:45","6","en","522577458","2025-05-13 17:25:39","2025-05-13 17:27:45","24.6.139.229","","A5","","","A6","AGA","","","","","","","","","A1","4","0","5d012930cfeb82001817c9c9","127.53","58.99","","2.43","","","33.76","","14.94","","","","","","","6.51","","10.9","","",""
"86","2025-05-13 17:28:29","6","en","891954237","2025-05-13 17:26:38","2025-05-13 17:28:29","81.136.19.75","","A5","","","A6","AGA","","","","","","","","","A1","3","0","56a8059fc897370006237090","112.57","27.95","","4.77","","","23","","19.75","","","","","","","10.86","","26.24","","",""
"87","2025-05-13 17:34:32","6","en","1525972095","2025-05-13 17:32:11","2025-05-13 17:34:32","89.46.181.247","","A5","","","A7","AGA","","","","","","","","","A1","5","1","6811ffcdbe04a28e7b3ab8a9","143.45","34.6","","6.36","","","63.04","","15.48","","","","","","","8.05","","15.92","","",""
"88","2025-05-13 17:34:52","6","en","1567568476","2025-05-13 17:32:21","2025-05-13 17:34:52","172.59.117.222","","A5","","","A7","AGA","","","","","","","","","A1","4","0","663f6499a07afa04b277d7e2","153.67","37.79","","6.53","","","75.34","","12.45","","","","","","","10.54","","11.02","","",""
"89","2025-05-13 17:34:33","6","en","97507524","2025-05-13 17:32:48","2025-05-13 17:34:33","80.0.5.102","","A5","","","A7","AGB","","","","","","","","","A1","5","0","6039627d1f94c1410e17dacb","107.95","46.3","","3.89","","","16.5","","25.87","","","","","","","5.98","","9.41","","",""
"90","2025-05-13 17:34:49","6","en","980590445","2025-05-13 17:33:15","2025-05-13 17:34:49","209.173.20.61","","A5","","","A7","AGA","","","","","","","","","A1","2","0","66717200063fc2eb3987270a","96.78","38.79","","4.53","","","21.44","","10.34","","","","","","","4.52","","17.16","","",""
"91","2025-05-13 17:36:06","6","en","503821802","2025-05-13 17:34:14","2025-05-13 17:36:06","144.121.86.19","","A5","","","A7","AGB","","","","","","","","","A1","4","1","664aa32c6cf60f70afed78ea","114.63","50.2","","6.62","","","15.54","","26.9","","","","","","","6.19","","9.18","","",""
"92","2025-05-13 17:36:09","6","en","2124396268","2025-05-13 17:34:18","2025-05-13 17:36:09","84.65.33.1","","A5","","","A6","AGA","","","","","","","","","A1","2","0","655e0a82d5d2084400745459","113.04","31.75","","4.99","","","20.4","","25.96","","","","","","","17.96","","11.98","","",""
"93","2025-05-13 17:37:35","6","en","1479028179","2025-05-13 17:34:24","2025-05-13 17:37:35","89.242.176.210","","A5","","","A7","AGA","","","","","","","","","A1","4","0","5d301a7c9f79cb001cdcbc91","194.66","94.91","","6.51","","","50.3","","11.79","","","","","","","6.22","","24.93","","",""
"94","2025-05-13 17:37:04","6","en","2025865122","2025-05-13 17:35:49","2025-05-13 17:37:04","108.75.117.243","https://app.prolific.com/","A5","","","A7","AGB","","","","","","","","","A1","3","0","60a6be72ccb15020f04ba501","77.33","20.07","","2.52","","","11.66","","14.51","","","","","","","3.5","","25.07","","",""
"95","2025-05-13 17:38:13","6","en","1634632740","2025-05-13 17:36:10","2025-05-13 17:38:13","86.161.105.65","","A5","","","A7","AGA","","","","","","","","","A1","3","0","66be3a527e6d4c95961bc002","123.99","40.51","","3.94","","","19.89","","25.72","","","","","","","16.89","","17.04","","",""
"96","2025-05-13 17:38:49","6","en","2006676708","2025-05-13 17:36:28","2025-05-13 17:38:49","136.38.123.40","","A5","","","A7","AGA","","","","","","","","","A1","2","0","67eb2f7bde953c130a671bd0","142.52","37.11","","9.12","","","35.2","","36.28","","","","","","","12.43","","12.38","","",""
"97","2025-05-13 17:38:24","6","en","1870653213","2025-05-13 17:37:14","2025-05-13 17:38:24","151.224.148.11","","A5","","","A7","AGA","","","","","","","","","A1","4","0","5800eb53beccf8000100cb06","72.9","19.89","","5.07","","","15.24","","14.75","","","","","","","7.61","","10.34","","",""
"98","2025-05-13 18:00:00","6","en","1803298662","2025-05-13 17:45:35","2025-05-13 18:00:00","77.47.143.194","","A5","","","A7","-oth-","","","","","","He was informed about it.","","","A1","5","1","67e70f3e9e01a63efa5fab92","867.72","728.41","","14.05","","","36.59","","51.73","","","","","","","10.3","","26.64","","",""
"99","2025-05-13 17:47:51","6","en","1827189910","2025-05-13 17:46:13","2025-05-13 17:47:51","81.154.124.112","","A5","","","A6","AGA","","","","","","","","","A2","2","0","6727ea3905ae5d0d2cb5180c","99.95","32.35","","6.25","","","19.19","","17.39","","","","","","","12.73","","12.04","","",""
"100","2025-05-13 17:48:29","6","en","1395732934","2025-05-13 17:46:20","2025-05-13 17:48:29","45.18.200.170","","A5","","","A7","AGA","","","","","","","","","A1","4","0","6667627ba6d0d6f7b08686ab","130.34","49.25","","7.39","","","25.34","","25.54","","","","","","","8.09","","14.73","","",""
"101","2025-05-13 17:49:54","6","en","1509697402","2025-05-13 17:47:13","2025-05-13 17:49:54","223.29.145.115","","A5","","","A6","AGA","","","","","","","","","A1","4","1","67dc9200cb9acfb732250006","163.73","77.37","","4.75","","","34.06","","20.55","","","","","","","11.5","","15.5","","",""
"102","2025-05-13 17:48:38","6","en","1196851420","2025-05-13 17:47:20","2025-05-13 17:48:38","104.203.162.42","","A5","","","A5","AGR","","","","","","","","","A2","3","1","668ac8ccac0dc505afbafed8","80.18","26.76","","3.18","","","17.16","","11.51","","","","","","","12.36","","9.21","","",""
"103","2025-05-13 17:53:42","6","en","890739393","2025-05-13 17:47:40","2025-05-13 17:53:42","172.59.208.104","","A5","","","A6","AGR","","","","","","","","","A2","5","0","65a3eab844b50c6810ea62f3","632.79","40.42","","4.44","","","537.4","","25.1","","","","","","","12.81","","12.62","","",""
"104","2025-05-13 17:51:48","6","en","1840403271","2025-05-13 17:48:50","2025-05-13 17:51:48","76.192.155.182","","A5","","","A7","AGA","","","","","","","","","A1","4","0","64d5067b6cbee9de481d773b","179.31","40.93","","9.33","","","55.6","","33.55","","","","","","","16.29","","23.61","","",""
"105","2025-05-13 17:51:07","6","en","856653109","2025-05-13 17:49:01","2025-05-13 17:51:07","71.236.217.198","","A1","if(att != 'A5', 1,0)","","A7","AGB","","","","","","","","","A1","6","0","67d8b5e7ceb82869824198a2","127.96","50.19","","3.63","","","21.42","","36.02","","","","","","","6.51","","10.19","","",""
"106","2025-05-13 17:51:52","6","en","1124188006","2025-05-13 17:49:26","2025-05-13 17:51:52","31.94.28.191","","A5","","","A7","AGA","","","","","","","","","A1","5","0","610fb8ff377a37c16a4edf38","146.91","32.95","","4.79","","","44.72","","36.27","","","","","","","6.99","","21.19","","",""
"107","2025-05-13 17:51:37","6","en","2133062721","2025-05-13 17:49:52","2025-05-13 17:51:37","66.9.55.112","","A5","","","A7","AGA","","","","","","","","","A1","6","0","6720f4ced2a11d4e702566fa","105.98","40.11","","8.3","","","25.96","","15.52","","","","","","","7.98","","8.11","","",""
"108","2025-05-13 17:55:14","6","en","1492367775","2025-05-13 17:50:06","2025-05-13 17:55:14","75.153.79.95","","A5","","","A7","AGA","","","","","","","","","A1","4","0","67eec102d37d56b29145e034","312","125.14","","17.71","","","61.5","","54.87","","","","","","","23.79","","28.99","","",""
"109","2025-05-13 17:55:11","6","en","372128125","2025-05-13 17:51:49","2025-05-13 17:55:11","185.16.224.79","","A5","","","A7","-oth-","","","","","","The VP had stated that the new program 'WILL harm the environment', not that it might or could, so the CEO had clear info that his decision would harm the environment.","","","A1","2","0","66fd75a114eba53c2f24a190","202.98","29.17","","4.23","","","20.82","","133.01","","","","","","","6.05","","9.7","","",""
