"id","submitdate","lastpage","startlanguage","seed","startdate","datestamp","ipaddr","refurl","att","SUCCESS","pause1","Kc[KnPR]","HrKnPRAgr","HrKnPRAgr[other]","HrKnPRDis","HrKnPRDis[other]","HrKnPRHes","HrKnPRHes[other]","HrKnPRAgrOt","HrKnPRDisOt","HrKnPRHesOt","IntChair","M3","M4","PROLIFIC","interviewtime","groupTime48290","attTime","groupTime48289","SUCCESSTime","pause1Time","groupTime48293","KcTime","groupTime48295","HrKnPRAgrTime","HrKnPRDisTime","HrKnPRHesTime","HrKnPRAgrOtTime","HrKnPRDisOtTime","HrKnPRHesOtTime","groupTime48294","IntChairTime","groupTime48291","M3Time","M4Time","PROLIFICTime"
"8","2025-05-07 22:10:02","6","en","299747408","2025-05-07 22:08:10","2025-05-07 22:10:02","174.27.204.236","","A5","","","A5","AGA","","","","","","","","","A2","3","0","66d5d10f4defd1d7b2cdd5c5","114.33","32.46","","6.49","","","41.3","","18.19","","","","","","","6.24","","9.65","","",""
"9","2025-05-07 22:13:28","6","en","1279915153","2025-05-07 22:10:39","2025-05-07 22:13:28","75.219.34.190","","A5","","","A7","AGR","","","","","","","","","A2","3","0","6711729a71c35dc0418b2ef3","170.37","44.82","","9.62","","","51.72","","44.15","","","","","","","8.02","","12.04","","",""
"10","2025-05-07 22:15:06","6","en","87338052","2025-05-07 22:11:10","2025-05-07 22:15:06","69.178.117.196","","A5","","","A6","AGR","","","","","","","","","A2","3","0","67511b1497ff44e336a37e44","238.42","61.64","","8.94","","","96.04","","36.91","","","","","","","16.04","","18.85","","",""
"11","2025-05-07 22:13:24","6","en","653677047","2025-05-07 22:11:16","2025-05-07 22:13:24","161.38.2.80","https://app.prolific.com/","A5","","","A7","AGR","","","","","","","","","A2","2","0","660207c28ad9227816c9593d","130.42","48.36","","8.09","","","38.61","","16.53","","","","","","","6.21","","12.62","","",""
"12","2025-05-07 22:15:36","6","en","617102550","2025-05-07 22:11:54","2025-05-07 22:15:36","82.5.210.106","","A5","","","A7","AGR","","","","","","","","","A2","2","0","5f25419d6c25411a2b68ddd8","222.81","84.23","","23.48","","","54.74","","21.95","","","","","","","26.05","","12.36","","",""
"13","2025-05-07 22:18:11","6","en","398079403","2025-05-07 22:13:26","2025-05-07 22:18:11","97.163.32.120","","A5","","","A7","AGA","","","","","","","","","A2","3","0","66b1ae2bf1b4bbd5740d658a","288.72","118.2","","5.8","","","32.67","","33.35","","","","","","","82.78","","15.92","","",""
"14","2025-05-07 22:23:16","6","en","17461133","2025-05-07 22:20:30","2025-05-07 22:23:16","86.174.22.16","","A5","","","A7","AGA","","","","","","","","","A2","3","0","58404fd8ad98e40001ce915f","169.1","47.2","","4.89","","","44.55","","45.96","","","","","","","10.61","","15.89","","",""
"15","2025-05-07 22:25:07","6","en","993389012","2025-05-07 22:22:37","2025-05-07 22:25:07","81.86.135.34","","A5","","","A6","AGA","","","","","","","","","A2","2","0","5cf765f7b026f40001fe1bc6","152.18","62.75","","6.36","","","41.44","","16.36","","","","","","","10.44","","14.83","","",""
"16","2025-05-07 22:25:17","6","en","842786714","2025-05-07 22:22:47","2025-05-07 22:25:17","161.8.175.190","","A5","","","A7","AGB","","","","","","","","","A2","5","1","6741ce8667002c96f0362d34","152.99","37.39","","3.65","","","30.34","","25.71","","","","","","","15.99","","39.91","","",""
"17","2025-05-07 22:24:26","6","en","1150112170","2025-05-07 22:22:56","2025-05-07 22:24:26","70.121.184.179","","A5","","","A7","AGA","","","","","","","","","A2","2","0","651c4484ba17050f6b716614","92.5","30.72","","6.04","","","16.4","","13.47","","","","","","","10.99","","14.88","","",""
"18","2025-05-07 22:25:24","6","en","1472320611","2025-05-07 22:23:13","2025-05-07 22:25:24","67.177.4.159","","A5","","","A7","AGA","","","","","","","","","A2","3","0","677601065642ec4c09a1a933","131.92","26.77","","6.11","","","26.83","","32.64","","","","","","","6.25","","33.32","","",""
"19","2025-05-07 22:28:12","6","en","1733967728","2025-05-07 22:23:59","2025-05-07 22:28:12","204.9.19.80","","A5","","","A7","AGA","","","","","","","","","A2","5","0","5a5c23afe0cf3d0001268781","254.17","72.86","","4.05","","","14.35","","83.49","","","","","","","5.92","","73.5","","",""
"20","2025-05-07 22:25:26","6","en","225232944","2025-05-07 22:24:05","2025-05-07 22:25:26","69.251.249.1","","A5","","","A7","AGB","","","","","","","","","A2","3","0","6723fefd7a09fe9da8f9bd10","82.9","18.89","","2.43","","","29.47","","22.15","","","","","","","4.13","","5.83","","",""
"21","2025-05-07 22:33:54","6","en","1608914417","2025-05-07 22:24:39","2025-05-07 22:33:54","23.153.64.17","","A5","","","A4","","","","","AGR","","","","","A2","4","0","67dcc454ea9aca49011e1373","556.24","94.26","","13.05","","","110.76","","218.51","","","","","","","32.03","","87.63","","",""
"22","2025-05-07 22:28:30","6","en","1909995611","2025-05-07 22:25:22","2025-05-07 22:28:30","81.109.76.50","","A5","","","A7","AGA","","","","","","","","","A2","4","0","67803b5508f3d995ef13696b","189.99","64.2","","10.52","","","53.36","","31.02","","","","","","","7.12","","23.77","","",""
"23","2025-05-07 22:27:37","6","en","1729882841","2025-05-07 22:25:47","2025-05-07 22:27:37","81.100.83.19","","A5","","","A4","","","","","AGB","","","","","A2","4","0","5d9e3b307b8a7d00169f35c0","112.05","29.08","","3.26","","","49.05","","16.57","","","","","","","5.37","","8.72","","",""
"24","2025-05-07 22:29:58","6","en","2062281730","2025-05-07 22:26:19","2025-05-07 22:29:58","86.109.87.190","","A5","","","A7","AGA","","","","","","","","","A2","4","0","67cf641ea8d0de4b9a381a8a","221.02","44.77","","9.41","","","123.44","","20.74","","","","","","","6.87","","15.79","","",""
"25","2025-05-07 22:36:04","6","en","1523585358","2025-05-07 22:26:26","2025-05-07 22:36:04","168.235.144.207","","A5","","","A2","","","AGB","","","","","","","A2","3","0","67f2e7e796881a7894a2390e","580.52","36.51","","10.22","","","106.65","","38.99","","","","","","","30.79","","357.36","","",""
"26","2025-05-07 22:28:56","6","en","1460741085","2025-05-07 22:26:59","2025-05-07 22:28:56","173.63.144.162","","A5","","","A6","AGA","","","","","","","","","A2","4","1","66e8661e0c5e57cda7bf2d39","119","60.17","","2.37","","","22.31","","18.44","","","","","","","5.35","","10.36","","",""
"27","2025-05-07 22:28:53","6","en","390532892","2025-05-07 22:27:01","2025-05-07 22:28:53","76.169.186.43","","A5","","","A6","AGA","","","","","","","","","A2","2","0","67325d10b9e0c58d803cd7ba","114.71","39.15","","4.57","","","24.33","","17.43","","","","","","","9.27","","19.96","","",""
"28","2025-05-07 22:33:36","6","en","1943634892","2025-05-07 22:27:04","2025-05-07 22:33:36","172.56.25.126","","A5","","","A6","AGA","","","","","","","","","A2","4","1","67ef1d25b8fe6887e5733c5e","391.49","95.23","","29.12","","","141.52","","38.55","","","","","","","56.14","","30.93","","",""
"29","2025-05-07 22:42:35","6","en","1058174475","2025-05-07 22:40:06","2025-05-07 22:42:35","67.101.122.100","","A5","","","A7","AGB","","","","","","","","","A2","3","0","67a8e8efd1fbc05b723469f0","150.96","36.97","","16.41","","","22.55","","26.49","","","","","","","19.88","","28.66","","",""
"30","2025-05-07 22:44:01","6","en","1979467929","2025-05-07 22:40:26","2025-05-07 22:44:01","92.40.181.19","","A5","","","A7","AGA","","","","","","","","","A2","5","0","5edeea354d54cb1a825aa8f9","217.43","94.18","","8.47","","","56.88","","28.26","","","","","","","12.74","","16.9","","",""
"31","2025-05-07 22:43:54","6","en","1032088843","2025-05-07 22:40:42","2025-05-07 22:43:54","108.209.162.68","","A5","","","A7","AGA","","","","","","","","","A2","2","0","674345f9aa4a485b13423e9a","195.11","52.53","","6.59","","","60.69","","44.86","","","","","","","12.37","","18.07","","",""
"32","2025-05-07 22:44:30","6","en","530616557","2025-05-07 22:41:19","2025-05-07 22:44:30","104.218.199.201","","A5","","","A1","","","AGA","","","","","","","A2","5","1","67ef0bcaa1313c7666e08ab9","248.21","64.46","","5.87","","","109.61","","38.26","","","","","","","11.5","","18.51","","",""
"33","2025-05-07 22:46:24","6","en","696013272","2025-05-07 22:43:03","2025-05-07 22:46:24","108.147.32.37","","A5","","","A4","","","","","-oth-","","","","It was clear he knew it might but he did not care","A2","5","0","67abd57a8bc907775a0d58fa","253.25","102.33","","9.32","","","42.39","","78.03","","","","","","","7.82","","13.36","","",""
"34","2025-05-07 22:50:22","6","en","968970419","2025-05-07 22:43:14","2025-05-07 22:50:22","161.77.12.138","https://app.prolific.com/","A5","","","A7","AGR","","","","","","","","","A2","4","1","6811522a7d4de19ac966290d","430.04","151.92","","6.13","","","17.32","","28.27","","","","","","","26.82","","199.58","","",""
"35","2025-05-07 22:49:23","6","en","1595833405","2025-05-07 22:43:31","2025-05-07 22:49:23","109.152.8.169","","A5","","","A7","AGA","","","","","","","","","A2","4","0","67c48c29073e1078535e0f45","353.39","129.2","","11.97","","","56.27","","44.82","","","","","","","26.82","","84.31","","",""
"36","2025-05-07 22:51:13","6","en","2044841791","2025-05-07 22:49:30","2025-05-07 22:51:13","68.251.119.118","","A5","","","A7","AGA","","","","","","","","","A2","4","1","5c74e7e9c3fe130001e86cc8","105.58","29.33","","7.82","","","29.47","","20.26","","","","","","","8.6","","10.1","","",""
"37","2025-05-07 22:56:40","6","en","1320363116","2025-05-07 22:51:22","2025-05-07 22:56:40","71.196.71.91","","A5","","","A7","-oth-","","","","","","The CEO knew that implementing the new program would help the environment because the vice-president told him that it would.","","","A2","3","0","666efb72703de8fb31acc194","319.66","80.6","","9.81","","","43.1","","154.92","","","","","","","12.92","","18.31","","",""
"38","2025-05-07 22:55:12","6","en","1026341649","2025-05-07 22:51:34","2025-05-07 22:55:12","207.38.182.136","","A5","","","A7","AGA","","","","","","","","","A2","3","1","67cc3eed8e11f5ac44b6e131","219.08","77.87","","11.19","","","58.74","","38.94","","","","","","","12.3","","20.04","","",""
"39","2025-05-07 22:54:40","6","en","126903023","2025-05-07 22:52:00","2025-05-07 22:54:40","70.124.61.35","","A5","","","A7","AGA","","","","","","","","","A2","3","1","66e8d1826ef24a26511c2ac6","163.18","70.32","","7.53","","","33.49","","29.48","","","","","","","7.57","","14.79","","",""
"40","2025-05-07 22:58:08","6","en","372762850","2025-05-07 22:53:28","2025-05-07 22:58:08","75.219.151.30","","A5","","","A1","","","AGA","","","","","","","A2","4","0","67ece9196415f83b88c87e3d","282.46","107.2","","12.79","","","52.82","","65.87","","","","","","","9.67","","34.11","","",""
"41","2025-05-07 23:03:08","6","en","1770959525","2025-05-07 22:59:16","2025-05-07 23:03:08","69.203.103.242","","A5","","","A5","AGA","","","","","","","","","A2","2","0","678601bc84e8fe5db695b1fe","233.2","48.97","","9.99","","","100.18","","28.17","","","","","","","30.59","","15.3","","",""
"42","2025-05-07 23:01:45","6","en","290888601","2025-05-07 23:00:23","2025-05-07 23:01:45","74.196.63.140","","A5","","","A7","AGR","","","","","","","","","A2","4","0","59e7477e3e4b5a00016aa4d2","84.45","29.55","","3.66","","","15.64","","20.06","","","","","","","5.2","","10.34","","",""
"43","2025-05-07 23:03:28","6","en","375027951","2025-05-07 23:01:14","2025-05-07 23:03:28","73.223.112.198","","A5","","","A4","","","","","AGA","","","","","A2","4","0","6422f34be2b8257efb345837","136.81","35.31","","5.74","","","41.59","","38.71","","","","","","","5.05","","10.41","","",""
"44","2025-05-07 23:03:46","6","en","2133749512","2025-05-07 23:01:30","2025-05-07 23:03:46","172.56.60.233","","A5","","","A6","AGA","","","","","","","","","A2","2","0","62686c6e90a0f6fe0a6c646a","138.9","40.77","","10.42","","","33.56","","35.36","","","","","","","5.64","","13.15","","",""
"45","2025-05-07 23:03:54","6","en","763717004","2025-05-07 23:01:44","2025-05-07 23:03:54","173.243.241.25","","A5","","","A1","","","AGR","","","","","","","A2","3","0","593e6e9ea2bf080001ed3bba","131.84","36.87","","3.55","","","18.02","","55.12","","","","","","","7.06","","11.22","","",""
"46","2025-05-07 23:04:41","6","en","1314439004","2025-05-07 23:02:14","2025-05-07 23:04:41","75.224.10.146","","A5","","","A7","AGA","","","","","","","","","A2","3","0","65fb580ab7fbb2d518ee8eaa","149.56","55.22","","7.06","","","40.47","","25.51","","","","","","","7.83","","13.47","","",""
"47","2025-05-07 23:05:18","6","en","746625234","2025-05-07 23:02:32","2025-05-07 23:05:18","80.47.109.47","","A5","","","A7","AGA","","","","","","","","","A2","4","0","5a8185b8aa46dd00016b80d6","168.07","53.76","","6.79","","","62.86","","29.77","","","","","","","5.46","","9.43","","",""
"48","2025-05-07 23:04:22","6","en","383804230","2025-05-07 23:02:41","2025-05-07 23:04:22","86.10.219.27","","A5","","","A7","AGA","","","","","","","","","A2","3","0","60fcb280d58f26d33cb004a6","103.66","30.7","","4.57","","","32.35","","19.02","","","","","","","6.15","","10.87","","",""
"49","2025-05-07 23:05:04","6","en","514786841","2025-05-07 23:03:23","2025-05-07 23:05:04","92.113.40.180","","A5","","","A7","AGR","","","","","","","","","A2","6","1","67e5eab3dc572f7c0ad8b36f","102.5","19.37","","8.75","","","16.56","","24.18","","","","","","","16.08","","17.56","","",""
"50","2025-05-07 23:05:45","6","en","626256291","2025-05-07 23:03:26","2025-05-07 23:05:45","172.56.218.4","","A5","","","A3","","","AGA","","","","","","","A2","3","0","65ebbbc0a6328372037a40c1","140.73","48.28","","6.86","","","40.24","","27.04","","","","","","","6.96","","11.35","","",""
"51","2025-05-07 23:09:00","6","en","381929182","2025-05-07 23:03:32","2025-05-07 23:09:00","86.177.115.23","","A5","","","A4","","","","","-oth-","","","","i had no information on what the CEO knew","A2","5","0","5ea057b821f4e400081b71a7","328.31","105.98","","5.37","","","44.73","","133.65","","","","","","","18.27","","20.31","","",""
"52","2025-05-07 23:17:19","6","en","741338254","2025-05-07 23:14:23","2025-05-07 23:17:19","129.65.181.117","","A5","","","A6","AGR","","","","","","","","","A1","5","0","66fac66a574a89324f8980df","178.88","15.76","","2.9","","","132.98","","13.7","","","","","","","4.29","","9.25","","",""
"53","2025-05-07 23:19:46","6","en","243116174","2025-05-07 23:17:24","2025-05-07 23:19:46","154.7.225.253","","A5","","","A1","","","AGB","","","","","","","A2","6","0","6677328704eab5e142f81a4c","181.95","74.64","","9.71","","","25.76","","38.8","","","","","","","9.78","","23.26","","",""
"54","2025-05-07 23:21:17","6","en","1098034957","2025-05-07 23:19:24","2025-05-07 23:21:17","70.95.74.131","https://app.prolific.com/","A5","","","A7","AGA","","","","","","","","","A2","5","1","677af995d5aabfb59f938acf","116.29","33.93","","5.79","","","33.24","","20.69","","","","","","","10.73","","11.91","","",""
"55","2025-05-07 23:47:28","6","en","909024094","2025-05-07 23:45:48","2025-05-07 23:47:28","24.210.159.105","","A5","","","A7","AGR","","","","","","","","","A2","2","0","5798e5674a84da00014c652b","102.72","33.49","","2.85","","","25.32","","22.13","","","","","","","5.57","","13.36","","",""
"56","2025-05-13 16:51:35","6","en","1549663021","2025-05-13 16:50:42","2025-05-13 16:51:35","149.50.163.75","","A5","","","A1","","","AGR","","","","","","","A2","5","0","66cf40a29f72528d5f3c752e","54.35","17.43","","3.02","","","12.26","","7.13","","","","","","","4.45","","10.06","","",""
"57","2025-05-13 16:53:47","6","en","1574740872","2025-05-13 16:51:25","2025-05-13 16:53:47","24.27.100.230","","A5","","","A6","AGA","","","","","","","","","A2","4","0","56b43607c54e3c000d3c9b0b","144.15","22.58","","3.14","","","12.78","","16.36","","","","","","","4.54","","84.75","","",""
"58","2025-05-13 16:56:05","6","en","1470010804","2025-05-13 16:51:29","2025-05-13 16:56:05","73.43.155.52","","A5","","","A7","AGA","","","","","","","","","A2","4","0","5d75c56a52c89d0017df611c","277.92","121.27","","8.58","","","39.94","","55.03","","","","","","","22.5","","30.6","","",""
"59","2025-05-13 16:54:34","6","en","1442280528","2025-05-13 16:52:02","2025-05-13 16:54:34","146.90.11.94","","A5","","","A2","","","AGR","","","","","","","A2","2","0","63f7c60b1e096c2df51e3071","154.34","17.22","","3.26","","","55.34","","57.5","","","","","","","5.69","","15.33","","",""
"60","2025-05-13 16:57:41","6","en","310019926","2025-05-13 16:53:54","2025-05-13 16:57:41","130.255.67.238","","A5","","","A2","","","-oth-","","","","","I think he could have forgotten the part about the project helping the environment as soon as the Vice President walked out of the room, instead focusing on it making money.","","A2","5","0","67d5ecbae62eeba835cfe7d7","230.37","48.8","","10.79","","","36.92","","101.85","","","","","","","10.13","","21.88","","",""
"61","2025-05-13 16:55:24","6","en","1300275548","2025-05-13 16:54:00","2025-05-13 16:55:23","47.17.197.190","","A5","","","A4","","","","","AGA","","","","","A2","4","0","6329bd3e699f53922a5da47c","84.75","24.72","","4.36","","","25.41","","11.37","","","","","","","4.89","","14","","",""
"63","2025-05-13 16:55:38","6","en","334220632","2025-05-13 16:54:10","2025-05-13 16:55:38","138.43.106.35","","A5","","","A1","","","-oth-","","","","","he knew, he just didnt care","","A2","3","0","5dacff17847579001715f610","90.64","19.91","","3.37","","","21.72","","29.9","","","","","","","6.68","","9.06","","",""
"64","2025-05-13 16:59:36","6","en","1626442270","2025-05-13 16:54:14","2025-05-13 16:59:36","84.69.124.101","","A5","","","A5","AGA","","","","","","","","","A2","5","0","67c60d4d83aab66707607562","325.51","190.18","","19.93","","","30.68","","33.53","","","","","","","24.39","","26.8","","",""
"65","2025-05-13 16:58:12","6","en","1273880254","2025-05-13 16:55:46","2025-05-13 16:58:12","86.150.10.185","","A5","","","A2","","","AGR","","","","","","","A2","2","0","666afb4cabd9b9230b916811","147.13","46.09","","5.07","","","59.88","","17.5","","","","","","","9.45","","9.14","","",""
"66","2025-05-13 16:59:23","6","en","1767891908","2025-05-13 16:56:16","2025-05-13 16:59:23","68.14.143.125","","A5","","","A1","","","-oth-","","","","","He stated he does not care about the environment; profit only","","A2","4","1","669041884256730dc2ce4171","188.84","43.2","","5.75","","","25.97","","90.49","","","","","","","9.32","","14.11","","",""
"67","2025-05-13 16:57:45","6","en","1636771777","2025-05-13 16:56:32","2025-05-13 16:57:45","32.216.36.106","","A5","","","A2","","","AGB","","","","","","","A2","4","0","5ee3ebd469bfc40cd94f8f36","74.85","19.84","","5.11","","","14.97","","11.74","","","","","","","9.97","","13.22","","",""
"68","2025-05-13 16:58:45","6","en","1388419049","2025-05-13 16:56:34","2025-05-13 16:58:45","86.29.47.252","","A5","","","A7","AGA","","","","","","","","","A2","4","0","66c4a32221f616ebf48ab21d","132.61","41.6","","4.61","","","44.26","","31.07","","","","","","","3.17","","7.9","","",""
"69","2025-05-13 16:58:40","6","en","882837954","2025-05-13 16:57:00","2025-05-13 16:58:40","172.250.110.246","","A5","","","A7","AGB","","","","","","","","","A2","3","0","63fa2f029381a13d9f2a36a8","102.07","18.33","","4.19","","","29.81","","32.87","","","","","","","7.95","","8.92","","",""
"70","2025-05-13 17:04:37","6","en","864498850","2025-05-13 16:57:29","2025-05-13 17:04:37","100.14.125.91","","A2","if(att != 'A5', 1,0)","","A5","AGR","","","","","","","","","A1","2","0","66d6584b97d5a0cfa409a09b","430.31","85.98","","2.87","","","31.56","","159.73","","","","","","","38.05","","112.12","","",""
"71","2025-05-13 16:59:51","6","en","262895679","2025-05-13 16:57:33","2025-05-13 16:59:51","81.78.28.20","","A5","","","A4","","","","","AGB","","","","","A2","3","0","6790e3c6e06ac84c871c1691","139.79","58.84","","7.51","","","26.04","","27.7","","","","","","","8.07","","11.63","","",""
"72","2025-05-13 17:12:36","6","en","2072282280","2025-05-13 17:07:23","2025-05-13 17:12:36","96.245.0.212","","A5","","","A1","","","AGB","","","","","","","A2","4","0","5f16f559325a640008bb9a07","315.27","19.49","","2.64","","","90.36","","19.28","","","","","","","5.06","","178.44","","",""
"73","2025-05-13 17:09:28","6","en","2035311079","2025-05-13 17:07:29","2025-05-13 17:09:28","174.238.102.99","","A5","","","A5","AGA","","","","","","","","","A2","3","1","6362ab21cc450adf951bd6a7","121.4","25.3","","4.05","","","23.58","","50.64","","","","","","","6.92","","10.91","","",""
"74","2025-05-13 17:11:50","6","en","1501214523","2025-05-13 17:07:58","2025-05-13 17:11:50","176.46.140.115","","A5","","","A4","","","","","AGA","","","","","A2","4","0","679e81108eebf65d6f83c490","233.41","73","","12.55","","","51.09","","41.26","","","","","","","13.34","","42.17","","",""
"75","2025-05-13 17:15:34","6","en","677902490","2025-05-13 17:08:05","2025-05-13 17:15:34","73.137.162.136","","A5","","","A6","-oth-","","","","","","With info given, CEO only verbally was told by VP would be both $ and environment.  VP showed in words highly confident.  I would say a stronger word than faith but not a strong KNEW. Seems that CEO wouldn't care proof or not about environmental possibilities.  (minimal info provided above)","","","A2","2","1","60d5c66db6493439a72a6d25","423.47","62.68","","8.53","","","33.48","","281.39","","","","","","","12.58","","24.81","","",""
"76","2025-05-13 17:11:54","6","en","1779413063","2025-05-13 17:09:10","2025-05-13 17:11:54","213.31.147.229","https://app.prolific.com/","A5","","","A7","AGA","","","","","","","","","A2","4","0","637f7d10665738cfea163256","165.66","61.1","","6.95","","","41.64","","29.71","","","","","","","10.17","","16.09","","",""
"77","2025-05-13 17:12:57","6","en","1101654796","2025-05-13 17:11:46","2025-05-13 17:12:57","96.93.106.229","","A5","","","A7","AGA","","","","","","","","","A2","4","0","5fb156d6e16ee65ed2558d7c","72.84","20.01","","2.83","","","22.5","","13.04","","","","","","","5.22","","9.24","","",""
"78","2025-05-13 17:20:35","6","en","2021950593","2025-05-13 17:17:22","2025-05-13 17:20:35","77.47.159.84","","A5","","","A6","AGA","","","","","","","","","A2","4","0","67f139e0a8c12321ab2d0b02","193.71","56.6","","7.84","","","73.96","","32.15","","","","","","","10.12","","13.04","","",""
"79","2025-05-13 17:24:39","6","en","1849361684","2025-05-13 17:17:37","2025-05-13 17:24:39","149.18.55.100","","A5","","","A7","AGA","","","","","","","","","A2","6","1","67f05146dc313d0ce5ea7510","424.19","119.63","","8.16","","","211.85","","48.1","","","","","","","10.87","","25.58","","",""
"80","2025-05-13 17:19:21","6","en","72293897","2025-05-13 17:17:49","2025-05-13 17:19:21","82.10.186.82","","A5","","","A5","AGA","","","","","","","","","A1","5","0","68110949a2c450037f0304be","92.65","34.12","","2.12","","","22.91","","15.02","","","","","","","8.33","","10.15","","",""
"81","2025-05-13 17:22:31","6","en","1248587889","2025-05-13 17:19:37","2025-05-13 17:22:31","174.229.20.155","","A5","","","A6","AGA","","","","","","","","","A2","4","0","5ed6a80ac3b8620fd41f5fd6","177.82","29.63","","3.81","","","56.75","","67.41","","","","","","","4.27","","15.95","","",""
"82","2025-05-13 17:21:46","6","en","1736457014","2025-05-13 17:19:47","2025-05-13 17:21:46","31.94.14.52","","A5","","","A7","AGB","","","","","","","","","A2","2","0","67c05d920a5adc5953cc3de7","119.75","35.98","","5.95","","","34.23","","21.93","","","","","","","6.96","","14.7","","",""
"83","2025-05-13 17:23:34","6","en","395971659","2025-05-13 17:20:52","2025-05-13 17:23:34","140.177.93.36","","A5","","","A7","AGA","","","","","","","","","A2","3","0","67871258329b1d6941040ada","164.56","41.03","","8.66","","","33.43","","45.48","","","","","","","25.14","","10.82","","",""
"84","2025-05-13 17:27:05","6","en","1526016334","2025-05-13 17:23:05","2025-05-13 17:27:04","81.106.164.25","","A5","","","A7","AGB","","","","","","","","","A2","2","0","5dc0e5d927d0520845f47856","241.91","73.55","","7.2","","","32.17","","95.27","","","","","","","16.72","","17","","",""
"85","2025-05-13 17:27:30","6","en","1799141491","2025-05-13 17:23:43","2025-05-13 17:27:30","82.132.212.61","","A5","","","A1","","","AGB","","","","","","","A2","3","0","67d1757dde5c6b0a78a7715a","228.28","27.23","","46.54","","","30.7","","73.4","","","","","","","28.86","","21.55","","",""
"86","2025-05-13 17:27:07","6","en","560891756","2025-05-13 17:23:56","2025-05-13 17:27:07","168.235.147.9","","A5","","","A2","","","AGR","","","","","","","A2","5","0","67e888b9bca4f2c0db8a06fa","193.99","87.24","","8.7","","","37.82","","23.89","","","","","","","7.49","","28.85","","",""
"87","2025-05-13 17:26:43","6","en","903888300","2025-05-13 17:25:17","2025-05-13 17:26:43","90.196.43.183","","A5","","","A7","AGA","","","","","","","","","A2","3","0","67dbe2c38614c922a6a8dbe5","86.75","22.93","","4.82","","","22.9","","20.23","","","","","","","5.5","","10.37","","",""
"88","2025-05-13 17:28:45","6","en","839266138","2025-05-13 17:26:39","2025-05-13 17:28:45","162.249.30.169","","A5","","","A7","AGR","","","","","","","","","A2","2","0","66bd2f936ab3b23d4a8abbe3","126.76","79.6","","3.32","","","6.78","","20.5","","","","","","","9.13","","7.43","","",""
"89","2025-05-13 17:30:40","6","en","951624993","2025-05-13 17:27:10","2025-05-13 17:30:40","69.62.135.184","","A5","","","A5","AGB","","","","","","","","","A2","4","0","67a65fd458dd634e4d3fa6a9","212.13","53.44","","5.96","","","28.36","","66.63","","","","","","","26.24","","31.5","","",""
"90","2025-05-13 17:29:50","6","en","2096930637","2025-05-13 17:27:15","2025-05-13 17:29:50","75.184.21.199","","A5","","","A7","-oth-","","","","","","He was told that it would help the environment, he just didn't care. ","","","A2","3","0","667d637466a03a056e7b3427","157.73","32.52","","33.45","","","24.75","","45.66","","","","","","","8.55","","12.8","","",""
"91","2025-05-13 17:29:07","6","en","1821879522","2025-05-13 17:27:28","2025-05-13 17:29:07","131.95.212.205","","A5","","","A7","AGA","","","","","","","","","A2","5","0","66fcb4019a3324429051348c","101.66","29.63","","4.8","","","24.01","","27.37","","","","","","","4.89","","10.96","","",""
"92","2025-05-13 17:39:18","6","en","980380545","2025-05-13 17:36:40","2025-05-13 17:39:18","174.207.230.148","","A5","","","A6","AGA","","","","","","","","","A2","3","0","67d4ab2b6bcf2affcb4d66ec","159.18","43.26","","8.06","","","57.35","","30.1","","","","","","","5.53","","14.88","","",""
"93","2025-05-13 17:38:55","6","en","1242799769","2025-05-13 17:36:43","2025-05-13 17:38:55","81.78.177.193","","A5","","","A7","AGA","","","","","","","","","A2","2","0","63d79bf2271aa409e093e403","135.11","42.82","","3.97","","","31.53","","40.91","","","","","","","8.68","","7.2","","",""
"94","2025-05-13 17:41:02","6","en","1097865410","2025-05-13 17:37:38","2025-05-13 17:41:02","80.42.70.76","","A5","","","A5","-oth-","","","","","","I think the CEO knew as he was told,  he just didn't care that it would.","","","A2","3","0","66d045a6b838b2a1ff99653a","205.78","30.85","","22.07","","","88.84","","45.64","","","","","","","7.29","","11.09","","",""
"95","2025-05-13 17:39:31","6","en","1961430291","2025-05-13 17:38:18","2025-05-13 17:39:31","73.190.50.8","","A5","","","A7","AGA","","","","","","","","","A2","2","0","5685850c333cbd000d4e042f","74.49","21.14","","3.93","","","18.12","","17.05","","","","","","","5.64","","8.61","","",""
"96","2025-05-13 17:40:46","6","en","1810050019","2025-05-13 17:38:23","2025-05-13 17:40:46","72.109.0.110","","A5","","","A5","AGA","","","","","","","","","A2","3","0","62cbf51439a76e8fccd8a495","145.59","44.79","","7.42","","","38.83","","21.38","","","","","","","15.86","","17.31","","",""
"97","2025-05-13 17:42:01","6","en","2106078954","2025-05-13 17:39:12","2025-05-13 17:42:01","107.144.224.176","","A5","","","A1","","","AGA","","","","","","","A2","4","0","669dbd856a36321b0839f78e","172.46","30.22","","4.56","","","36.66","","51.51","","","","","","","4.7","","44.81","","",""
"98","2025-05-13 17:41:51","6","en","917609070","2025-05-13 17:39:18","2025-05-13 17:41:51","122.8.121.132","","A5","","","A1","","","AGR","","","","","","","A2","4","0","67d933a6939390178799a6b6","154.94","67.75","","7.94","","","35.24","","19","","","","","","","8.31","","16.7","","",""
"99","2025-05-13 17:53:13","6","en","1934090171","2025-05-13 17:44:20","2025-05-13 17:53:13","130.255.65.129","","A5","","","A4","","","","","AGR","","","","","A2","5","0","67e727e0e5b6fb17d760f39f","536.18","78.88","","12.79","","","370.55","","42.95","","","","","","","10.3","","20.71","","",""
"100","2025-05-13 17:47:19","6","en","637182812","2025-05-13 17:44:21","2025-05-13 17:47:19","69.154.225.224","","A5","","","A6","AGA","","","","","","","","","A2","3","0","6727931ccaf92e0d2351962b","181.25","61.51","","8.74","","","61.39","","25.58","","","","","","","9.66","","14.37","","",""
"101","2025-05-13 17:46:43","6","en","1611579352","2025-05-13 17:45:19","2025-05-13 17:46:43","86.186.208.44","","A5","","","A5","AGA","","","","","","","","","A2","5","0","671d3690dc5df6d004cfb65e","86.69","27.66","","6.71","","","18.47","","17.95","","","","","","","4.55","","11.35","","",""
"102","2025-05-13 17:47:14","6","en","1054832663","2025-05-13 17:46:13","2025-05-13 17:47:14","66.220.104.199","","A5","","","A7","AGA","","","","","","","","","A2","4","1","6669fe44c5660a00d14ab11d","63.11","14.72","","3.21","","","19.63","","15.23","","","","","","","4.19","","6.13","","",""
"103","2025-05-13 17:48:54","6","en","1356043243","2025-05-13 17:46:43","2025-05-13 17:48:54","51.52.207.173","","A5","","","A7","AGA","","","","","","","","","A2","2","0","63f77dc98bfabd95812edc2c","133.47","35.83","","10.32","","","48.07","","23.77","","","","","","","4.21","","11.27","","",""
"104","2025-05-13 17:49:54","6","en","1189078873","2025-05-13 17:48:03","2025-05-13 17:49:54","174.73.224.13","","A5","","","A1","","","AGR","","","","","","","A2","5","1","67a4e8df95c41323b386d85d","113.26","22.22","","5.23","","","16.01","","26.52","","","","","","","17.61","","25.67","","",""
"106","2025-05-13 17:56:09","6","en","1221282684","2025-05-13 17:51:57","2025-05-13 17:56:09","81.104.122.254","","A5","","","A1","","","-oth-","","","","","because he dosent care about the environment only profit","","A2","1","0","660eb0b257ea5439cd5e020a","253.46","63.46","","6.98","","","37","","89.48","","","","","","","15.23","","41.31","","",""
"107","2025-05-13 17:56:25","6","en","1876801844","2025-05-13 17:53:44","2025-05-13 17:56:25","68.4.163.44","https://app.prolific.com/","A5","","","A7","AGA","","","","","","","","","A2","3","1","67cf114d88ac6082ae5c17bd","164.17","52.82","","7.55","","","53.68","","21.31","","","","","","","9.11","","19.7","","",""
"108","2025-05-13 17:56:33","6","en","327833511","2025-05-13 17:54:20","2025-05-13 17:56:33","98.51.248.30","","A5","","","A7","AGR","","","","","","","","","A2","5","0","5ef4d8b87faaa00c0dea0c4e","133.84","41.88","","4.99","","","26.92","","42.56","","","","","","","7.05","","10.44","","",""
"109","2025-05-13 17:57:12","6","en","1086740619","2025-05-13 17:54:32","2025-05-13 17:57:12","206.251.203.193","","A5","","","A6","AGR","","","","","","","","","A2","5","1","681888864c0c733e5969a799","162.23","47.88","","11.68","","","45.39","","30.28","","","","","","","9.95","","17.05","","",""
"110","2025-05-13 18:03:26","6","en","1762165080","2025-05-13 17:55:00","2025-05-13 18:03:26","136.38.143.24","","A5","","","A6","AGA","","","","","","","","","A2","4","0","673638b56bb65715b44b147f","507.53","53.88","","6","","","389.81","","16.76","","","","","","","18.72","","22.36","","",""
"111","2025-05-13 17:57:21","6","en","813449813","2025-05-13 17:55:17","2025-05-13 17:57:21","24.164.189.129","","A5","","","A7","AGA","","","","","","","","","A1","4","0","5aa806e7777df200016088c5","126.56","59.41","","3.25","","","25.27","","14.59","","","","","","","8.14","","15.9","","",""
