Submission id,Participant id,Status,Custom study tncs accepted at,Started at,Completed at,Reviewed at,Archived at,Time taken,Completion code,Total approvals,Age,Sex,Ethnicity simplified,Country of birth,Country of residence,Nationality,Language,Student status,Employment status
68237a9bd4b284a000d02f3a,63222311994c6e4c35bb2a55,AWAITING REVIEW,Not Applicable,2025-05-13T17:00:14Z,2025-05-13T17:07:16Z,NA,2025-05-13T17:07:17Z,422,2B73928C,2363,56,Male,White,United Kingdom,United Kingdom,United Kingdom,English,No,Full-Time
68237b08c0dacae3241762ef,665762fdab6df18f5032505b,AWAITING REVIEW,Not Applicable,2025-05-13T17:02:07Z,2025-05-13T17:06:18Z,NA,2025-05-13T17:06:19Z,251,2B73928C,1221,49,Female,Black,United States,United States,United States,English,No,Unemployed (and job seeking)
68237cd619e052337dccd6fb,640d43c9451ce148162a7643,AWAITING REVIEW,Not Applicable,2025-05-13T17:09:48Z,2025-05-13T17:11:14Z,NA,2025-05-13T17:11:14Z,87,2B73928C,6432,49,Male,White,United States,United States,United States,English,No,Full-Time
6823820283b35e12fad7e121,6811ffcdbe04a28e7b3ab8a9,AWAITING REVIEW,Not Applicable,2025-05-13T17:31:53Z,2025-05-13T17:34:39Z,NA,2025-05-13T17:34:40Z,167,2B73928C,30,63,Male,White,United States,United States,United States,English,DATA_EXPIRED,DATA_EXPIRED
681bef98ff21aefa5eb3033c,62916bb383e38e21d42cef2b,AWAITING REVIEW,Not Applicable,2025-05-07T23:41:25Z,2025-05-07T23:43:48Z,NA,2025-05-07T23:43:49Z,144,2B73928C,877,34,Male,White,United States,United States,United States,English,No,Full-Time
681befa1f3f85dacde034065,66bbcf42208f7ca6793ac25b,AWAITING REVIEW,Not Applicable,2025-05-07T23:41:21Z,2025-05-07T23:43:14Z,NA,2025-05-07T23:43:15Z,114,2B73928C,93,21,Male,Asian,United Kingdom,United Kingdom,United Kingdom,English,DATA_EXPIRED,DATA_EXPIRED
681befa33c7bd7ae84e0ec97,5f4e52a627d2a0000a8ed0c5,AWAITING REVIEW,Not Applicable,2025-05-07T23:41:54Z,2025-05-07T23:45:21Z,NA,2025-05-07T23:45:22Z,208,2B73928C,312,44,Male,White,DATA_EXPIRED,United States,United States,English,No,Part-Time
681befa56eb10336f1c5ad0a,6234965d3869b875dc31d93a,AWAITING REVIEW,Not Applicable,2025-05-07T23:41:47Z,2025-05-07T23:44:52Z,NA,2025-05-07T23:44:52Z,186,2B73928C,4907,31,Male,Asian,United States,United States,United States,English,Yes,Full-Time
681befa6d10e20a621529af1,5a8ad2082a842c0001fce0f2,AWAITING REVIEW,Not Applicable,2025-05-07T23:41:31Z,2025-05-07T23:45:33Z,NA,2025-05-07T23:45:34Z,242,2B73928C,3371,29,Male,White,United Kingdom,United Kingdom,United Kingdom,English,DATA_EXPIRED,DATA_EXPIRED
681befa88fc77ffbbfdde468,5b233660648d5b0001b7de87,AWAITING REVIEW,Not Applicable,2025-05-07T23:41:44Z,2025-05-07T23:45:49Z,NA,2025-05-07T23:45:50Z,246,2B73928C,8588,71,Male,White,United States,United States,United States,English,DATA_EXPIRED,Full-Time
681befb057d98687cb404818,66cd14d073d037ecfd8ddfbb,AWAITING REVIEW,Not Applicable,2025-05-07T23:41:36Z,2025-05-07T23:45:59Z,NA,2025-05-07T23:46:11Z,264,2B73928C,65,20,Male,White,United Kingdom,United Kingdom,United Kingdom,English,Yes,Other
681befba7fe35a23bb778b64,65847ecf0896ca006d2c00b7,AWAITING REVIEW,Not Applicable,2025-05-07T23:41:52Z,2025-05-07T23:45:21Z,NA,2025-05-07T23:45:22Z,209,2B73928C,3181,33,Female,Asian,United States,United States,United States,English,No,Full-Time
681befbe67826471b370c5e7,66e4ca06d1621d63704c83f9,AWAITING REVIEW,Not Applicable,2025-05-07T23:41:57Z,2025-05-07T23:47:15Z,NA,2025-05-07T23:47:15Z,318,2B73928C,572,60,Male,White,United States,United States,United States,English,DATA_EXPIRED,Full-Time
681befc962b132de62662ada,680dcb74ab0a3a21ef2d6d89,AWAITING REVIEW,Not Applicable,2025-05-07T23:42:09Z,2025-05-07T23:47:29Z,NA,2025-05-07T23:47:29Z,320,2B73928C,196,70,Male,White,United States,United States,United States,English,No,Full-Time
681befe402d53abeb8ca3f8f,67ed61848c7659044358adf0,AWAITING REVIEW,Not Applicable,2025-05-07T23:42:35Z,2025-05-07T23:47:51Z,NA,2025-05-07T23:47:52Z,317,2B73928C,198,21,Female,Black,United States,United States,United States,English,DATA_EXPIRED,DATA_EXPIRED
681bf005faead7efa6d41ace,67f24dddcc783cdf7a1ea017,AWAITING REVIEW,Not Applicable,2025-05-07T23:43:01Z,2025-05-07T23:48:44Z,NA,2025-05-07T23:48:45Z,344,2B73928C,346,24,Male,Black,United States,United States,United States,English,Yes,Full-Time
681bf0142dc2397293cf7dd5,67d89acf081049fa0e311adc,AWAITING REVIEW,Not Applicable,2025-05-07T23:46:29Z,2025-05-07T23:51:38Z,NA,2025-05-07T23:51:39Z,310,2B73928C,138,38,Male,White,United States,United States,United States,English,No,Full-Time
681bf0349c87efb31264e98a,67c35bed28161edad1829850,AWAITING REVIEW,Not Applicable,2025-05-07T23:44:10Z,2025-05-07T23:52:44Z,NA,2025-05-07T23:52:45Z,514,2B73928C,454,66,Male,White,United States,United States,United States,English,No,Full-Time
681bf0405097312a725a2f29,65dfbf73ec3a047b5653add8,AWAITING REVIEW,Not Applicable,2025-05-07T23:44:09Z,2025-05-07T23:46:33Z,NA,2025-05-07T23:46:34Z,145,2B73928C,2207,52,Female,White,United States,United States,United States,English,DATA_EXPIRED,DATA_EXPIRED
681bf049051cda621f3bc3fa,67d87fa5f2beefdc110fb4b2,AWAITING REVIEW,Not Applicable,2025-05-07T23:44:24Z,2025-05-07T23:48:48Z,NA,2025-05-07T23:48:48Z,264,2B73928C,250,68,Female,White,United States,United States,United States,English,No,"Not in paid work (e.g. homemaker', 'retired or disabled)"
681bf04d9acc98b792dc7fad,6113baed20301957a13e9752,AWAITING REVIEW,Not Applicable,2025-05-07T23:44:21Z,2025-05-07T23:49:12Z,NA,2025-05-07T23:49:12Z,292,2B73928C,1189,37,Female,White,United Kingdom,United Kingdom,United Kingdom,English,No,Due to start a new job within the next month
681bf0645cb48d541a0bb7f2,63ea751b7686e752f5ef78b2,AWAITING REVIEW,Not Applicable,2025-05-07T23:44:40Z,2025-05-07T23:47:38Z,NA,2025-05-07T23:47:39Z,178,2B73928C,5704,67,Male,White,United States,United States,United States,English,No,Full-Time
681bf064d10e20a621529b08,67eb91c75bdf0be76c9a7f7c,AWAITING REVIEW,Not Applicable,2025-05-07T23:44:36Z,2025-05-07T23:50:08Z,NA,2025-05-07T23:50:08Z,333,2B73928C,156,36,Female,White,United States,United States,United States,English,No,Part-Time
681bf0703b97a5001524b2cb,58d0632c2fc72000011f8c57,AWAITING REVIEW,Not Applicable,2025-05-07T23:44:52Z,2025-05-07T23:51:32Z,NA,2025-05-07T23:51:32Z,400,2B73928C,5416,48,Male,White,United Kingdom,United Kingdom,United Kingdom,English,DATA_EXPIRED,DATA_EXPIRED
681bf08038ad2dd910c931c8,5b57894babd7a000014845b8,AWAITING REVIEW,Not Applicable,2025-05-07T23:45:09Z,2025-05-07T23:51:28Z,NA,2025-05-07T23:51:29Z,379,2B73928C,1573,36,Female,Other,United States,United States,United States,English,DATA_EXPIRED,DATA_EXPIRED
681bf088becc74284d32431f,65c0ed76e2e195876cfd9b74,AWAITING REVIEW,Not Applicable,2025-05-07T23:45:15Z,2025-05-07T23:48:21Z,NA,2025-05-07T23:48:22Z,186,2B73928C,3734,55,Male,White,United States,United States,United States,English,No,Full-Time
681bf08e67a232e6d681a356,671fca7287fb225453006af0,AWAITING REVIEW,Not Applicable,2025-05-07T23:45:34Z,2025-05-07T23:54:06Z,NA,2025-05-07T23:54:07Z,513,2B73928C,801,54,Male,White,Bosnia and Herzegovina,United States,United States,English,DATA_EXPIRED,DATA_EXPIRED
681bf0926e1c8baab591d491,62b44f66a16d45783569fad6,AWAITING REVIEW,Not Applicable,2025-05-07T23:45:57Z,2025-05-07T23:50:50Z,NA,2025-05-07T23:50:51Z,294,2B73928C,2933,32,Male,White,United Kingdom,United Kingdom,United Kingdom,English,No,Full-Time
681bf0a85d229ed8f6119de6,67d35d2c2eff9287d28e04e8,AWAITING REVIEW,Not Applicable,2025-05-07T23:45:53Z,2025-05-07T23:51:49Z,NA,2025-05-07T23:51:50Z,357,2B73928C,529,25,Female,Black,United States,United States,United States,English,No,Part-Time
681bf0aa02cf0379c8eae7bc,5efec82cf597a73e75e3fbe0,AWAITING REVIEW,Not Applicable,2025-05-07T23:47:39Z,2025-05-07T23:49:48Z,NA,2025-05-07T23:49:49Z,130,2B73928C,4393,23,Female,Asian,United States,United States,United States,English,Yes,Part-Time
681bf0ad0f5f909b47e44593,67da04c280954fc1c778ca02,AWAITING REVIEW,Not Applicable,2025-05-07T23:46:06Z,2025-05-07T23:52:42Z,NA,2025-05-07T23:52:43Z,396,2B73928C,417,56,Female,White,United States,United States,United States,English,No,Full-Time
681bf0bb02d53abeb8ca3fa2,66ca41de318c12cd9f59b13a,AWAITING REVIEW,Not Applicable,2025-05-07T23:46:11Z,2025-05-07T23:51:54Z,NA,2025-05-07T23:51:54Z,343,2B73928C,1015,68,Female,White,United States,United States,United States,English,No,"Not in paid work (e.g. homemaker', 'retired or disabled)"
681bf0e3a52bb1b601dec284,67e6bc676fb4db70edc23b5b,AWAITING REVIEW,Not Applicable,2025-05-07T23:46:51Z,2025-05-07T23:49:51Z,NA,2025-05-07T23:49:51Z,180,2B73928C,445,61,Female,Black,United States,United States,United States,English,No,Unemployed (and job seeking)
681bf1101d63186ff4eaf0bd,63e5747f1eb29ec68ae2ddd6,AWAITING REVIEW,Not Applicable,2025-05-07T23:47:28Z,2025-05-07T23:49:19Z,NA,2025-05-07T23:49:20Z,112,2B73928C,807,23,Male,Mixed,United Kingdom,United Kingdom,United Kingdom,English,Yes,Unemployed (and job seeking)
681bf113088f751eeddecdde,67e9abb9af847e68878b7c45,AWAITING REVIEW,Not Applicable,2025-05-07T23:47:41Z,2025-05-07T23:52:08Z,NA,2025-05-07T23:52:09Z,267,2B73928C,379,42,Female,White,United States,United States,United States,English,No,Full-Time
681bf121603b32377373eda8,678df4f0880dc11090c4839e,AWAITING REVIEW,Not Applicable,2025-05-07T23:47:45Z,2025-05-07T23:52:05Z,NA,2025-05-07T23:52:05Z,260,2B73928C,80,22,Male,Black,United States,United States,United States,English,No,Full-Time
681bf12c2a26b0319feaeb83,67ddb06bc7175d8f155fe2bf,AWAITING REVIEW,Not Applicable,2025-05-07T23:48:00Z,2025-05-07T23:53:59Z,NA,2025-05-07T23:54:00Z,360,2B73928C,682,48,Female,Black,United States,United States,United States,English,DATA_EXPIRED,DATA_EXPIRED
681bf146114dfc70b046a13a,67312771712151bbee75c7e2,AWAITING REVIEW,Not Applicable,2025-05-07T23:48:48Z,2025-05-07T23:54:09Z,NA,2025-05-07T23:54:10Z,321,2B73928C,338,31,Male,Asian,India,United States,DATA_EXPIRED,English,No,Full-Time
681bf15ca2631abf2c57abb9,67d75f1ff8a898b755874144,AWAITING REVIEW,Not Applicable,2025-05-07T23:48:51Z,2025-05-07T23:52:53Z,NA,2025-05-07T23:52:54Z,243,2B73928C,655,34,Female,White,United States,United States,United States,English,No,Full-Time
681bf178c9944e898010add1,67e976a6e06398ceb7d16dd4,AWAITING REVIEW,Not Applicable,2025-05-07T23:49:12Z,2025-05-07T23:52:21Z,NA,2025-05-07T23:52:22Z,189,2B73928C,803,44,Male,Black,United States,United States,United States,English,No,Full-Time
681bf17df797aaa77bbd16e4,67e42560410a61123e726006,AWAITING REVIEW,Not Applicable,2025-05-07T23:49:16Z,2025-05-07T23:53:46Z,NA,2025-05-07T23:53:47Z,270,2B73928C,232,19,Male,Black,South Africa,United States,United States,English,No,DATA_EXPIRED
681bf1a67386ab53998249eb,5efd22056ec55516587f32a6,AWAITING REVIEW,Not Applicable,2025-05-07T23:49:58Z,2025-05-07T23:56:02Z,NA,2025-05-07T23:56:02Z,364,2B73928C,4823,27,Female,White,United Kingdom,United Kingdom,United Kingdom,English,Yes,Full-Time
681bf1acd6331a5bdc2020af,62a0b34cbcc5987a8fa73c39,AWAITING REVIEW,Not Applicable,2025-05-07T23:50:04Z,2025-05-07T23:55:05Z,NA,2025-05-07T23:55:06Z,302,2B73928C,5707,35,Male,White,United States,United States,United States,English,No,DATA_EXPIRED
681bf203819263a76e3bc04b,677406a14c6e104dba32e029,AWAITING REVIEW,Not Applicable,2025-05-07T23:51:31Z,2025-05-08T00:04:00Z,NA,2025-05-08T00:04:01Z,750,2B73928C,296,36,Female,Black,United Kingdom,United Kingdom,United Kingdom,English,No,Full-Time
681bf203e4dd60c9285532bb,5d8a64630ffb9c001746ca2c,AWAITING REVIEW,Not Applicable,2025-05-07T23:51:31Z,2025-05-07T23:58:40Z,NA,2025-05-07T23:58:41Z,429,2B73928C,12429,65,Male,Asian,United States,United States,United States,English,No,Full-Time
681bf20ae267bd17b5a48b4e,67f2f986d7ff7b3e48ea927d,AWAITING REVIEW,Not Applicable,2025-05-07T23:51:44Z,2025-05-08T00:06:12Z,NA,2025-05-08T00:06:13Z,869,2B73928C,181,48,Female,Mixed,United States,United States,United States,English,Yes,Part-Time
681bf21b3e09f52d9e11a092,67e971fe972a4be474579d18,AWAITING REVIEW,Not Applicable,2025-05-07T23:52:00Z,2025-05-08T00:03:20Z,NA,2025-05-08T00:03:23Z,680,2B73928C,435,41,Female,Black,United States,United States,United States,English,No,Part-Time
681bf23ab865d8dc9888c491,5c747b0f181ad300113363ed,AWAITING REVIEW,Not Applicable,2025-05-07T23:52:29Z,2025-05-07T23:55:15Z,NA,2025-05-07T23:55:16Z,166,2B73928C,6557,28,Male,White,United States,United States,United States,English,DATA_EXPIRED,DATA_EXPIRED
681bf25148972df60dd154cd,66b78f42263a85bcf10a18b6,AWAITING REVIEW,Not Applicable,2025-05-07T23:52:54Z,2025-05-07T23:59:20Z,NA,2025-05-07T23:59:20Z,386,2B73928C,120,35,Female,Other,United States,United States,United States,English,DATA_EXPIRED,DATA_EXPIRED
681bf25c198d460e242399d3,595d3afcdd044900012ce78a,AWAITING REVIEW,Not Applicable,2025-05-07T23:53:06Z,2025-05-07T23:55:09Z,NA,2025-05-07T23:55:09Z,123,2B73928C,3994,55,Male,White,United Kingdom,United Kingdom,United Kingdom,English,No,Full-Time
681bf25f580972b5ddf978c8,67227b6a95c02df067984f28,AWAITING REVIEW,Not Applicable,2025-05-07T23:57:24Z,2025-05-07T23:59:04Z,NA,2025-05-07T23:59:05Z,101,2B73928C,950,30,Female,White,United States,United States,United States,English,DATA_EXPIRED,DATA_EXPIRED
681bf26b5430d3e62b0e35ba,5f04d20be5bc397b4e93df7a,AWAITING REVIEW,Not Applicable,2025-05-07T23:53:25Z,2025-05-07T23:57:06Z,NA,2025-05-07T23:57:06Z,222,2B73928C,1671,53,Female,White,United States,United States,United States,English,No,Full-Time
681bf2705404f5f41cfbca0e,6778aa34a81ab2f07e0d4c25,AWAITING REVIEW,Not Applicable,2025-05-07T23:53:23Z,2025-05-07T23:55:41Z,NA,2025-05-07T23:55:41Z,138,2B73928C,243,45,Male,White,United States,United States,United States,English,No,Full-Time
681bf27155784aa881ed102e,67389f3912380b4b3cd0b7d7,AWAITING REVIEW,Not Applicable,2025-05-07T23:53:29Z,2025-05-07T23:58:42Z,NA,2025-05-07T23:58:42Z,314,2B73928C,1265,72,Male,White,United States,United States,United States,English,No,"Not in paid work (e.g. homemaker', 'retired or disabled)"
681bf2762401acb4e7203c0b,67d3429b4fd895a6f9d81f2c,AWAITING REVIEW,Not Applicable,2025-05-07T23:53:26Z,2025-05-07T23:57:26Z,NA,2025-05-07T23:57:26Z,240,2B73928C,262,23,Female,Black,United States,United States,United States,English,No,Part-Time
681bf28cc42e7def0056e589,6547eba1d8a02576605bcfb2,AWAITING REVIEW,Not Applicable,2025-05-07T23:53:57Z,2025-05-07T23:56:57Z,NA,2025-05-07T23:56:57Z,180,2B73928C,1223,47,Male,Other,United States,United States,United States,English,DATA_EXPIRED,DATA_EXPIRED
681bf29c84981cbd58540a6f,67a796cd3ddc2ecc4a26fa35,AWAITING REVIEW,Not Applicable,2025-05-07T23:54:08Z,2025-05-07T23:56:14Z,NA,2025-05-07T23:56:15Z,126,2B73928C,390,36,Female,White,United States,United States,United States,English,No,Full-Time
681bf2a5e78cbecfb659445b,5c4f0e755d386b00016e772b,AWAITING REVIEW,Not Applicable,2025-05-07T23:54:18Z,2025-05-07T23:58:29Z,NA,2025-05-07T23:58:30Z,251,2B73928C,684,32,Female,White,United States,United States,United States,English,No,Full-Time
681bf2acf278f3409806ad2a,6788016149f55de703ae6057,AWAITING REVIEW,Not Applicable,2025-05-07T23:54:27Z,2025-05-07T23:57:17Z,NA,2025-05-07T23:57:17Z,171,2B73928C,793,56,Female,White,United States,United States,United States,English,No,"Not in paid work (e.g. homemaker', 'retired or disabled)"
681bf2e2f2021aa627d59b21,67b9d2f7a49052c6e25c6a7f,AWAITING REVIEW,Not Applicable,2025-05-07T23:55:26Z,2025-05-07T23:57:59Z,NA,2025-05-07T23:57:59Z,153,2B73928C,991,55,Female,Black,United States,United States,United States,English,No,Full-Time
681bf2e414e2903f54575f3e,67f2deca27b8cc9a90484c43,AWAITING REVIEW,Not Applicable,2025-05-07T23:55:28Z,2025-05-07T23:59:40Z,NA,2025-05-07T23:59:41Z,253,2B73928C,220,38,Male,Black,United States,United States,United States,English,Yes,Full-Time
681bf30dd64700ea57693087,5ceef5a66441f4000139711f,AWAITING REVIEW,Not Applicable,2025-05-07T23:56:04Z,2025-05-07T23:59:50Z,NA,2025-05-07T23:59:50Z,226,2B73928C,2171,57,Female,White,United States,United States,United States,English,No,"Not in paid work (e.g. homemaker', 'retired or disabled)"
681bf316a2de18f940b96fc4,6413c7853eba2b2215197ff4,AWAITING REVIEW,Not Applicable,2025-05-07T23:56:17Z,2025-05-07T23:59:07Z,NA,2025-05-07T23:59:07Z,170,2B73928C,2718,70,Female,White,United States,United States,United States,English,DATA_EXPIRED,Other
681bf3176fe897ad0b30dee3,5dcf7b49523df00ae9c4e07e,AWAITING REVIEW,Not Applicable,2025-05-07T23:56:10Z,2025-05-07T23:57:50Z,NA,2025-05-07T23:57:51Z,100,2B73928C,9259,31,Female,White,United States,United States,United States,English,No,Part-Time
681bf32342644729480e9829,680d72d437427b266e36d491,AWAITING REVIEW,Not Applicable,2025-05-07T23:56:26Z,2025-05-08T00:01:23Z,NA,2025-05-09T01:34:23Z,297,2B73928C,97,28,Male,Black,United States,United States,United States,English,No,Full-Time
681bf3589adc2b4aaf2defff,677d9b8e5f2363678ce285aa,AWAITING REVIEW,Not Applicable,2025-05-07T23:57:18Z,2025-05-08T00:04:14Z,NA,2025-05-08T00:04:15Z,416,2B73928C,332,48,Female,White,United Kingdom,United States,United Kingdom,English,DATA_EXPIRED,Full-Time
681bf36811ae63644110a36d,6712dc9aa03ad1da92e70829,AWAITING REVIEW,Not Applicable,2025-05-07T23:57:51Z,2025-05-08T00:05:15Z,NA,2025-05-08T00:05:16Z,445,2B73928C,557,39,Male,Asian,India,United Kingdom,India,English,Yes,Full-Time
681bf381ddff4118fd64ea8a,676d746ed2391d1de669298a,AWAITING REVIEW,Not Applicable,2025-05-07T23:57:59Z,2025-05-08T00:01:01Z,NA,2025-05-08T00:01:02Z,183,2B73928C,913,68,Male,White,United States,United States,United States,English,No,Full-Time
681bf3821a497b7f43bb1a0b,66da38dc1d5b9365584508ca,AWAITING REVIEW,Not Applicable,2025-05-07T23:58:21Z,2025-05-08T00:02:44Z,NA,2025-05-08T00:02:44Z,264,2B73928C,2025,50,Male,White,United States,United States,DATA_EXPIRED,English,DATA_EXPIRED,DATA_EXPIRED
681bf399178875dba3744709,67e1d6b31e541f205d4a3f23,AWAITING REVIEW,Not Applicable,2025-05-07T23:58:17Z,2025-05-08T00:05:23Z,NA,2025-05-08T00:05:23Z,427,2B73928C,393,43,Female,Black,United States,United States,United States,English,No,Full-Time
681bf3a9db938d136efbb7ec,67fbec8b63f4ba4635c03f9c,AWAITING REVIEW,Not Applicable,2025-05-07T23:58:38Z,2025-05-08T00:03:29Z,NA,2025-05-08T00:03:31Z,291,2B73928C,135,25,Female,White,United States,United States,United States,English,No,Other
681bf3cfec33f34ea8a23a99,6658b1b56a1df274ee633fdc,AWAITING REVIEW,Not Applicable,2025-05-07T23:59:18Z,2025-05-08T00:03:06Z,NA,2025-05-08T00:03:07Z,229,2B73928C,67,20,Male,White,United Kingdom,United Kingdom,United Kingdom,English,Yes,Part-Time
681bf3df854c04ae01549c9f,67e0ba9eff2d77b2a3509e3e,AWAITING REVIEW,Not Applicable,2025-05-07T23:59:39Z,2025-05-08T00:06:31Z,NA,2025-05-08T00:06:31Z,413,2B73928C,308,34,Male,White,United States,United States,United States,English,Yes,Full-Time
681bf3e0067126c0569c807b,5e40c06ac0507c307ee951eb,AWAITING REVIEW,Not Applicable,2025-05-07T23:59:28Z,2025-05-08T00:20:06Z,NA,2025-05-08T00:20:07Z,1239,2B73928C,1024,24,Male,Mixed,United States,United States,United States,English,Yes,Due to start a new job within the next month
681bf3f001b4ea7196ef422d,67094d6215b6d0fe3e8c3e39,AWAITING REVIEW,Not Applicable,2025-05-07T23:59:48Z,2025-05-08T00:05:43Z,NA,2025-05-08T00:05:44Z,355,2B73928C,1828,24,Male,White,United States,United States,United States,English,DATA_EXPIRED,DATA_EXPIRED
681bf447088f751eeddece28,6508adaced024f8da237ff03,AWAITING REVIEW,Not Applicable,2025-05-08T00:01:25Z,2025-05-08T00:06:51Z,NA,2025-05-08T00:06:51Z,326,2B73928C,1387,64,Female,White,United States,United States,United States,English,No,Full-Time
681bf45405e2624b79c9e1f4,67590d4b1fe16ac844f9a239,AWAITING REVIEW,Not Applicable,2025-05-08T00:03:58Z,2025-05-08T00:09:04Z,NA,2025-05-08T00:09:05Z,306,2B73928C,768,23,Female,Black,United States,United States,United States,English,No,DATA_EXPIRED
681bf454be7ace8c202df2a0,5c3b70640eaa0100018ea877,AWAITING REVIEW,Not Applicable,2025-05-08T00:01:30Z,2025-05-08T00:04:07Z,NA,2025-05-08T00:04:08Z,157,2B73928C,8420,60,Male,White,United States,United States,United States,English,No,Part-Time
681bf4ab03055887929bcf82,67e70a61f963fecfc78db7ab,AWAITING REVIEW,Not Applicable,2025-05-08T00:02:56Z,2025-05-08T00:08:02Z,NA,2025-05-08T00:08:02Z,307,2B73928C,597,54,Male,Asian,China,United States,United States,English,No,"Not in paid work (e.g. homemaker', 'retired or disabled)"
681bf4aca3190b63545785d6,679ff314e2068250f20a0863,AWAITING REVIEW,Not Applicable,2025-05-08T00:02:57Z,2025-05-08T00:09:32Z,NA,2025-05-08T00:09:32Z,395,2B73928C,86,53,Female,Black,United States,United States,United States,English,No,Unemployed (and job seeking)
681bf4baa15e79383e4c9a8a,670075d557d79b4cef60c761,AWAITING REVIEW,Not Applicable,2025-05-08T00:03:11Z,2025-05-08T00:07:43Z,NA,2025-05-08T00:07:44Z,272,2B73928C,994,54,Female,White,United States,United States,United States,English,No,"Not in paid work (e.g. homemaker', 'retired or disabled)"
681bf4c004c7844c3f5b1a74,667410863d71e0ac637deb22,AWAITING REVIEW,Not Applicable,2025-05-08T00:03:21Z,2025-05-08T00:06:02Z,NA,2025-05-08T00:06:04Z,162,2B73928C,2000,31,Female,White,United States,United States,United States,English,DATA_EXPIRED,DATA_EXPIRED
681bf4caf3394dea19baf644,67db00b9b0cbd161b541fb5c,AWAITING REVIEW,Not Applicable,2025-05-08T00:03:32Z,2025-05-08T00:08:32Z,NA,2025-05-08T00:08:33Z,301,2B73928C,331,34,Male,Black,United States,United States,United States Minor Outlying Islands,English,No,DATA_EXPIRED
681bf4cdddf4305a633f03ae,67da8a039573449932d3f158,AWAITING REVIEW,Not Applicable,2025-05-08T00:03:53Z,2025-05-08T00:09:06Z,NA,2025-05-08T00:09:06Z,313,2B73928C,466,20,Male,Black,United States,United States,United States,English,No,Full-Time
681bf4d1fea9ea70060f0ac1,611341c34be95409850e4341,AWAITING REVIEW,Not Applicable,2025-05-08T00:03:29Z,2025-05-08T00:07:24Z,NA,2025-05-08T00:07:25Z,236,2B73928C,4767,54,Female,White,United States,United States,United States,English,No,Full-Time
681bf528fc936602163c99f7,67363452674f3db8059e7888,AWAITING REVIEW,Not Applicable,2025-05-08T00:04:56Z,2025-05-08T00:08:49Z,NA,2025-05-08T00:08:50Z,234,2B73928C,1202,47,Male,White,United States,United States,United States,English,No,"Not in paid work (e.g. homemaker', 'retired or disabled)"
681bf53924024aa65f22c839,67e454623e6de5fb43257f74,AWAITING REVIEW,Not Applicable,2025-05-08T00:08:04Z,2025-05-08T00:16:52Z,NA,2025-05-08T00:16:53Z,529,2B73928C,306,18,Female,White,United States,United States,United States,English,Yes,Full-Time
681bf547006c6e5fa648dac8,5dfdc45e617219a8e2e05c26,AWAITING REVIEW,Not Applicable,2025-05-08T00:05:26Z,2025-05-08T00:08:14Z,NA,2025-05-08T00:08:15Z,168,2B73928C,8756,28,Male,Black,United States,United States,United States,English,Yes,Full-Time
681bf549eb93a351f1185068,66f4c82536b5c8271f53564c,AWAITING REVIEW,Not Applicable,2025-05-08T00:05:35Z,2025-05-08T00:11:03Z,NA,2025-05-08T00:11:04Z,328,2B73928C,892,30,Female,White,United States,United States,United States,English,No,"Not in paid work (e.g. homemaker', 'retired or disabled)"
681bf576e4f3a7c1b4010bca,67e7cdfb2d3c81d83ccef700,AWAITING REVIEW,Not Applicable,2025-05-08T00:06:20Z,2025-05-08T00:09:48Z,NA,2025-05-08T00:09:49Z,209,2B73928C,354,54,Male,White,United Kingdom,United Kingdom,United Kingdom,English,No,Part-Time
681bf5779fd48704a7bafd9f,643db5baa695a720a1bbdb4f,AWAITING REVIEW,Not Applicable,2025-05-08T00:06:35Z,2025-05-08T00:10:31Z,NA,2025-05-08T00:10:32Z,236,2B73928C,575,33,Male,White,United States,United States,United States,English,No,Part-Time
681bf59ca407e705ff549fde,62b9c2f1e55fe9f17dfedc5d,AWAITING REVIEW,Not Applicable,2025-05-08T00:07:00Z,2025-05-08T00:11:19Z,NA,2025-05-08T00:11:20Z,259,2B73928C,6989,46,Female,Black,United States,United States,United States,English,No,Unemployed (and job seeking)
681bf5bd10e344c4b68f8e72,67eaa8044e370fe61f1764a0,AWAITING REVIEW,Not Applicable,2025-05-08T00:07:48Z,2025-05-08T00:13:23Z,NA,2025-05-08T00:13:24Z,336,2B73928C,431,42,Female,White,United States,United States,United States,English,No,Part-Time
681bf5be0fa51a91c7fe447e,63a2844c9d6acbec7228a420,AWAITING REVIEW,Not Applicable,2025-05-08T00:07:32Z,2025-05-08T00:19:07Z,NA,2025-05-08T00:19:08Z,696,2B73928C,6004,53,Female,Black,Nigeria,United States,United States,English,DATA_EXPIRED,Full-Time
681bf5cdcf8c74c4bde5e14e,676f1188960410219e5ea0a8,AWAITING REVIEW,Not Applicable,2025-05-08T00:07:50Z,2025-05-08T00:10:27Z,NA,2025-05-08T00:10:28Z,157,2B73928C,294,38,Female,White,United States,United States,United States,English,No,Full-Time
681bf5ed97a3f8798a3a8dd5,67e184908b8cd53c87ac90a2,AWAITING REVIEW,Not Applicable,2025-05-08T00:08:13Z,2025-05-08T00:18:14Z,NA,2025-05-08T00:18:15Z,601,2B73928C,312,34,Female,White,United States,United States,United States,English,DATA_EXPIRED,DATA_EXPIRED
681bf61806e77edd228dfdba,55cf5cc434e9060005e56c39,AWAITING REVIEW,Not Applicable,2025-05-08T00:09:02Z,2025-05-08T00:13:29Z,NA,2025-05-08T00:13:30Z,267,2B73928C,2692,64,Female,White,United States,United States,United States,English,DATA_EXPIRED,DATA_EXPIRED
681bf7068d42a215587af0a3,675330fb23080b9ae3ec8239,AWAITING REVIEW,Not Applicable,2025-05-08T00:12:54Z,2025-05-08T00:18:26Z,NA,2025-05-08T00:18:26Z,333,2B73928C,594,38,Male,Black,United Kingdom,United Kingdom,United Kingdom,English,No,Full-Time
681bfeb03fd728652deb3072,67ad0cc9f3a3feb73e22852d,AWAITING REVIEW,Not Applicable,2025-05-08T00:45:36Z,2025-05-08T00:53:30Z,NA,2025-05-08T00:53:31Z,475,2B73928C,784,21,Female,Black,United States,United States,United States,English,DATA_EXPIRED,Part-Time
681c03128356299eb4e3b7bc,67edb75b0744561f1cf6ff9d,AWAITING REVIEW,Not Applicable,2025-05-08T01:04:26Z,2025-05-08T01:11:36Z,NA,2025-05-08T01:11:36Z,431,2B73928C,285,51,Female,White,United States,United States,Italy,English,No,Full-Time
681c03131562efe2563c1733,66abf0c472f051b5e40cfbfd,AWAITING REVIEW,Not Applicable,2025-05-08T01:04:31Z,2025-05-08T01:08:05Z,NA,2025-05-08T01:08:05Z,214,2B73928C,1831,63,Female,Other,United States,United States,Mexico,English,No,"Not in paid work (e.g. homemaker', 'retired or disabled)"
681c031411ae63644110a48e,5c7c1f95e926fc00160b4b45,AWAITING REVIEW,Not Applicable,2025-05-08T01:04:24Z,2025-05-08T01:06:48Z,NA,2025-05-08T01:06:49Z,144,2B73928C,2516,60,Female,White,United States,United States,United States,English,No,Part-Time
681c03147cecc9de1b6a9217,674f0dc1e24f68c484ad6468,AWAITING REVIEW,Not Applicable,2025-05-08T01:05:57Z,2025-05-08T01:15:37Z,NA,2025-05-08T01:15:38Z,581,2B73928C,891,30,Male,Black,United States,United States,United States,English,DATA_EXPIRED,Full-Time
681c0315c504a5850b5748dd,67673cda94b4d0cf1a6a7382,AWAITING REVIEW,Not Applicable,2025-05-08T01:04:25Z,2025-05-08T01:07:03Z,NA,2025-05-08T01:07:03Z,158,2B73928C,649,57,Female,White,United States,United States,United States,English,No,Part-Time
681c0317d7d42482aeeeb7dd,66bbafb05de7e549455aa4ff,AWAITING REVIEW,Not Applicable,2025-05-08T01:04:28Z,2025-05-08T01:07:18Z,NA,2025-05-08T01:07:19Z,171,2B73928C,1390,46,Male,White,United Kingdom,United Kingdom,United Kingdom,English,No,Full-Time
681c031b2beafb91c45c4d15,67d1f6824f74bd16996512c0,AWAITING REVIEW,Not Applicable,2025-05-08T01:04:27Z,2025-05-08T01:09:42Z,NA,2025-05-08T01:09:43Z,315,2B73928C,303,68,Male,White,Lithuania,United States,Russian Federation,English,No,Other
681c031e3c54e42f613ce36a,67f32ac5f6a4ce3d9f9c697d,AWAITING REVIEW,Not Applicable,2025-05-08T01:04:41Z,2025-05-08T01:10:23Z,NA,2025-05-08T01:10:24Z,343,2B73928C,118,59,Female,White,United States,United States,Ireland,English,No,Full-Time
681c031e3fabbffcdf06abc6,67d6ffe7dad4354b208e186d,AWAITING REVIEW,Not Applicable,2025-05-08T01:04:47Z,2025-05-08T01:20:44Z,NA,2025-05-08T01:49:06Z,958,2B73928C,245,69,Male,Black,Kenya,United States,United States,English,No,Part-Time
681c0352cc4b669d696e2ed0,5be8dab5d153f500019ab320,AWAITING REVIEW,Not Applicable,2025-05-08T01:05:28Z,2025-05-08T01:10:02Z,NA,2025-05-08T01:10:03Z,274,2B73928C,9008,50,Male,White,United States,United States,United States,English,DATA_EXPIRED,DATA_EXPIRED
